'hood	n|(slang) a neighborhood|
's gravenhage	n|the site of the royal residence and the de facto capital in the western part of the Netherlands; seat of the International Court of Justice|
'tween	adv|in between|two houses with a tree between
'tween decks	adv|in the space between decks, on a ship|
.22	n|a .22 caliber firearm (pistol or rifle)|
.22 caliber	adj|of or relating to the bore of a gun (or its ammunition) that measures twenty-two hundredths of an inch in diameter|a .22 caliber pistol
.22 calibre	adj|of or relating to the bore of a gun (or its ammunition) that measures twenty-two hundredths of an inch in diameter|a .22 caliber pistol
.22-caliber	adj|of or relating to the bore of a gun (or its ammunition) that measures twenty-two hundredths of an inch in diameter|a .22 caliber pistol
.22-calibre	adj|of or relating to the bore of a gun (or its ammunition) that measures twenty-two hundredths of an inch in diameter|a .22 caliber pistol
.38 caliber	adj|of or relating to the bore of a gun (or its ammunition) that measures thirty-eight hundredths of an inch in diameter|a .38 caliber shell
.38 calibre	adj|of or relating to the bore of a gun (or its ammunition) that measures thirty-eight hundredths of an inch in diameter|a .38 caliber shell
.38-caliber	adj|of or relating to the bore of a gun (or its ammunition) that measures thirty-eight hundredths of an inch in diameter|a .38 caliber shell
.38-calibre	adj|of or relating to the bore of a gun (or its ammunition) that measures thirty-eight hundredths of an inch in diameter|a .38 caliber shell
.45 caliber	adj|of or relating to the bore of a gun (or its ammunition) that measures forty-five hundredths of an inch in diameter|
.45 calibre	adj|of or relating to the bore of a gun (or its ammunition) that measures forty-five hundredths of an inch in diameter|
.45-caliber	adj|of or relating to the bore of a gun (or its ammunition) that measures forty-five hundredths of an inch in diameter|
.45-calibre	adj|of or relating to the bore of a gun (or its ammunition) that measures forty-five hundredths of an inch in diameter|
0	adj|indicating the absence of any or all units under consideration|a zero score	n|a mathematical element that when added to another number yields the same number|
1	adj|used of a single unit or thing; not two or more|`ane' is Scottish	n|the smallest whole number or a numeral representing this number|he has the one but will need a two and three to go with it
1 chronicles	n|the first of two Old Testament books telling the history of Judah and Israel until the return from the Babylonian Captivity in 536 BC|
1 esdras	n|an Apocryphal book consisting of a compilation from I Chronicles and II Chronicles and Ezra and Nehemiah|
1 kings	n|the first of two Old Testament books telling the histories of the kings of Judah and Israel|
1 maccabees	n|an Apocryphal book describing the life of Judas Maccabaeus|
1 samuel	n|the first of two books in the Old Testament that tell of Saul and David|
1-dodecanol	n|a colorless insoluble solid alcohol used to make detergents and pharmaceuticals|
1-hitter	n|a game in which a pitcher allows the opposing team only one hit|
10	adj|being one more than nine|	n|the cardinal number that is the sum of nine and one; the base of the decimal system|
10-membered	adj|of a chemical compound having a ring with ten members|
100	adj|being ten more than ninety|	n|ten 10s|
1000	adj|denoting a quantity consisting of 1,000 items or units|	n|the cardinal number that is the product of 10 and 100|
10000	n|the cardinal number that is the product of ten and one thousand|
100000	n|the cardinal number that is the fifth power of ten|
1000000	n|the number that is represented as a one followed by 6 zeros|
1000000000	n|the number that is represented as a one followed by 9 zeros|
1000000000000	n|the number that is represented as a one followed by 12 zeros|in England they call a trillion a billion
1000th	adj|the ordinal number of one thousand in counting order|
100th	adj|the ordinal number of one hundred in counting order|
101	adj|being one more than one hundred|
101st	adj|the ordinal number of one hundred one in counting order|
105	adj|being five more than one hundred|
105th	adj|the ordinal number of one hundred five in counting order|
10th	adj|coming next after the ninth and just before the eleventh in position|
11	adj|being one more than ten|	n|the cardinal number that is the sum of ten and one|
11 november	n|the feast of Saint Martin; a quarter day in Scotland|
11-plus	n|(formerly in Britain) an examination taken by 11 and 12 year old students to select suitable candidates for grammar school|
110	adj|being ten more than one hundred|
110th	adj|the ordinal number of one hundred ten in counting order|
115	adj|being five more than one hundred ten|
115th	adj|the ordinal number of one hundred fifteen in counting order|
11th	adj|coming next after the tenth and just before the twelfth in position|
12	adj|denoting a quantity consisting of 12 items or units|	n|the cardinal number that is the sum of eleven and one|
12-tone music	n|a type of serial music introduced by Arnold Schoenberg; uses a tone row formed by the twelve semitones of the chromatic scale (and inverted or backward versions of the row)|
12-tone system	n|a type of serial music introduced by Arnold Schoenberg; uses a tone row formed by the twelve semitones of the chromatic scale (and inverted or backward versions of the row)|
120	adj|being ten more than one hundred ten|	n|the cardinal number that is the product of ten and twelve|
120th	adj|the ordinal number of one hundred twenty in counting order|
125	adj|being five more than one hundred twenty|
125th	adj|the ordinal number of one hundred twenty-five in counting order|
12th	adj|coming next after the eleventh and just before the thirteenth in position|
13	adj|being one more than twelve|	n|the cardinal number that is the sum of twelve and one|
130	adj|being ten more than one hundred twenty|
130th	adj|the ordinal number of one hundred thirty in counting order|
135	adj|being five more than one hundred thirty|
135th	adj|the ordinal number of one hundred thirty-five in counting order|
13th	adj|coming next after the twelfth in position|
14	adj|being one more than thirteen|	n|the cardinal number that is the sum of thirteen and one|
14 july	n|a legal holiday in France celebrating the storming of the Paris bastille in 1789|
140	adj|being ten more than one hundred thirty|
140th	adj|the ordinal number of one hundred forty in counting order|
144	n|twelve dozen|
145	adj|being five more than one hundred forty|
145th	adj|the ordinal number of one hundred forty-five in counting order|
14th	adj|coming next after the thirteenth in position|
15	adj|being one more than fourteen|	n|the cardinal number that is the sum of fourteen and one|
15 august 1945	n|the date of Allied victory over Japan, World War II|
15 may organization	n|a terrorist organization formed in 1979 by a faction of the Popular Front for the Liberation of Palestine but disbanded in the 1980s when key members left to join a faction of al-Fatah|
15 minutes	n|a quarter of an hour|
150	adj|being ten more than one hundred forty|
150th	adj|the ordinal number of one hundred fifty in counting order|
1530s	n|the decade from 1530 to 1539|
155	adj|being five more than one hundred fifty|
155th	adj|the ordinal number of one hundred fifty-five in counting order|
15th	adj|coming next after the fourteenth and just before the sixteenth in position|
16	adj|being one more than fifteen|	n|the cardinal number that is the sum of fifteen and one|
16 pf	n|a self-report personality inventory developed by Raymond B. Cattell to measure the 16 personality dimensions that emerged from his factor analysis of a wide range of traits|
160	adj|being ten more than one hundred fifty|
160th	adj|the ordinal number of one hundred sixty in counting order|
165	adj|being five more than one hundred sixty|
165th	adj|the ordinal number of one hundred sixty-five in counting order|
16th	adj|coming next after the fifteenth in position|
17	adj|being one more than sixteen|	n|the cardinal number that is the sum of sixteen and one|
170	adj|being ten more than one hundred sixty|
170th	adj|the ordinal number of one hundred seventy in counting order|
1728	n|a cardinal number equal to one dozen gross|
175	adj|being five more than one hundred seventy|
1750s	n|the decade from 1750 to 1759|
175th	adj|the ordinal number of one hundred seventy-five in counting order|
1760s	n|the decade from 1760 to 1769|
1770s	n|the decade from 1770 to 1779|
1780s	n|the decade from 1780 to 1789|
1790s	n|the decade from 1790 to 1799|
17th	adj|coming next after the sixteenth in position|
18	adj|being one more than seventeen|	n|the cardinal number that is the sum of seventeen and one|
18-karat gold	n|an alloy that contains 75 per cent gold|
180	adj|being ten more than one hundred seventy|
180th	adj|the ordinal number of one hundred eighty in counting order|
1820s	n|the decade from 1820 to 1829|
1830s	n|the decade from 1830 to 1839|
1840s	n|the decade from 1840 to 1849|
1850s	n|the decade from 1850 to 1859|
1860s	n|the decade from 1860 to 1869|
1870s	n|the decade from 1870 to 1879|
1880s	n|the decade from 1880 to 1889|
1890s	n|the decade from 1890 to 1899|
18th	adj|coming next after the seventeenth in position|
19	adj|being one more than eighteen|	n|the cardinal number that is the sum of eighteen and one|
190	adj|being ten more than one hundred eighty|
1900s	n|the decade from 1900 to 1909|
190th	adj|the ordinal number of one hundred eighty-five in counting order|
1920s	n|the decade from 1920 to 1929|
1930s	n|the decade from 1930 to 1939|
1940s	n|the decade from 1940 to 1949|
1950s	n|the decade from 1950 to 1959|
1960s	n|the decade from 1960 to 1969|
1970s	n|the decade from 1970 to 1979|
1980s	n|the decade from 1980 to 1989|
1990s	n|the decade from 1990 to 1999|
19th	adj|coming next after the eighteenth in position|
1st	adj|indicating the beginning unit in a series|
1st baron beaverbrook	n|British newspaper publisher and politician (born in Canada); confidant of Winston Churchill (1879-1964)|
1st baron verulam	n|English statesman and philosopher; precursor of British empiricism; advocated inductive reasoning (1561-1626)|
1st class	n|mail that includes letters and postcards and packages sealed against inspection|
1st earl attlee	n|British statesman and leader of the Labour Party who instituted the welfare state in Britain (1883-1967)|
1st earl baldwin of bewdley	n|English statesman; member of the Conservative Party (1867-1947)|
1st earl of balfour	n|English statesman; member of the Conservative Party (1848-1930)|
1st lieutenant	n|a commissioned officer in the Army or Air Force or Marines ranking above a 2nd lieutenant and below a captain|
1st viscount montgomery of alamein	n|English general during World War II; won victories over Rommel in North Africa and led British ground forces in the invasion of Normandy (1887-1976)|
1st-class mail	n|mail that includes letters and postcards and packages sealed against inspection|
2	adj|being one more than one|he received two messages	n|the cardinal number that is the sum of one and one or a numeral representing this number|
2 chronicles	n|the second of two Old Testament books telling the history of Judah and Israel until the return from the Babylonian Captivity in 536 BC|
2 esdras	n|an Apocryphal book of angelic revelations|
2 kings	n|the second of two Old Testament books telling the histories of the kings of Judah and Israel|
2 maccabees	n|an Apocryphal book describing the life of Judas Maccabaeus|
2 samuel	n|the second of two books of the Old Testament that tell of Saul and David|
2-dimensional	adj|lacking the expected range or depth; not designed to give an illusion or depth|a film with two-dimensional characters
2-hitter	n|a game in which a pitcher allows the opposing team only 2 hits|
2-hydroxybenzoic acid	n|a white crystalline substance with a bitter aftertaste; used as a fungicide or in making aspirin or dyes or perfumes|
2-methylpropenoic acid	n|an unsaturated acid (C4H6O2) used to make resins and plastics|
20	adj|denoting a quantity consisting of 20 items or units|	n|the cardinal number that is the sum of nineteen and one|
20/20	n|normal visual acuity, as measured by the ability to read charts at a distance of 20 feet|
200	adj|being ten more than one hundred ninety|
200th	adj|the ordinal number of two hundred in counting order|
20th	adj|coming next after the nineteenth in position|
21	adj|being one more than twenty|	n|the cardinal number that is the sum of twenty and one|
21st	adj|coming next after the twentieth in position|
22	adj|being two more than twenty|	n|the cardinal number that is the sum of twenty-one and one|
22-karat gold	n|an alloy that contains 87 per cent gold|
22nd	adj|coming next after the twenty-first in position|
23	adj|being three more than twenty|	n|the cardinal number that is the sum of twenty-two and one|
23rd	adj|coming next after the twenty-second in position|
24	adj|being four more than twenty|	n|the cardinal number that is the sum of twenty-three and one|
24-hour interval	n|time for Earth to make a complete rotation on its axis|two days later they left
24-karat gold	n|100 per cent gold|
24/7	n|uptime is 24 hours a day 7 days a week|
24th	adj|coming next after the twenty-third in position|
25	adj|being five more than twenty|	n|the cardinal number that is the sum of twenty-four and one|
25th	adj|coming next after the twenty-fourth in position|
26	adj|being six more than twenty|	n|the cardinal number that is the sum of twenty-five and one|
26th	adj|coming next after the twenty-fifth in position|
27	adj|being seven more than twenty|	n|the cardinal number that is the sum of twenty-six and one|
27th	adj|coming next after the twenty-sixth in position|
28	adj|being eight more than twenty|	n|the cardinal number that is the sum of twenty-seven and one|
28th	adj|coming next after the twenty-seventh in position|
29	adj|being nine more than twenty|	n|the cardinal number that is the sum of twenty-eight and one|
29th	adj|coming next after the twenty-eighth in position|
2d	adj|coming next after the first in position in space or time or degree or magnitude|
2nd	adj|coming next after the first in position in space or time or degree or magnitude|
2nd lieutenant	n|a commissioned officer in the Army or Air Force or Marine Corps holding the lowest rank|
3	adj|being one more than two|	n|the cardinal number that is the sum of one and one and one|
3-d	n|a movie with images having three dimensional form or appearance|	n|having a three-dimensional form or appearance|aren't dreams always in 3-D?
3-dimensional	adj|involving or relating to three dimensions or aspects; giving the illusion of depth|lifelike three-dimensional characters
3-hitter	n|a game in which a pitcher allows the opposing team only 3 hits|
3-membered	adj|of a chemical compound having a ring with three members|
30	adj|being ten more than twenty|	n|the cardinal number that is the product of ten and three|
30 minutes	n|a half of an hour|
300	adj|being one hundred more than two hundred|
300th	adj|the ordinal number of three hundred in counting order|
30th	adj|coming next after the twenty-ninth in position|
31	adj|being one more than thirty|
31st	adj|coming next after the thirtieth in position|
32	adj|being two more than thirty|
32nd	adj|the ordinal number of thirty-two in counting order|
33	adj|being three more than thirty|
33rd	adj|the ordinal number of thirty-three in counting order|
34	adj|being four more than thirty|
34th	adj|the ordinal number of thirty-four in counting order|
35	adj|being five more than thirty|
35th	adj|the ordinal number of thirty-five in counting order|
36	adj|being six more than thirty|
365 days	n|a year that is not a leap year|
366 days	n|a calendar year with an extra day added in February|
36th	adj|the ordinal number of thirty-six in counting order|
37	adj|being seven more than thirty|
37th	adj|the ordinal number of thirty-seven in counting order|
38	adj|being eight more than thirty|
38th	adj|the ordinal number of thirty-eight in counting order|
39	adj|being nine more than thirty|
39th	adj|the ordinal number of thirty-nine in counting order|
3d	n|a movie with images having three dimensional form or appearance|	n|having a three-dimensional form or appearance|aren't dreams always in 3-D?
3d radar	n|radar that will report altitude as well as azimuth and distance of a target|
3rd	adj|coming next after the second and just before the fourth in position|
3rd october organization	n|a militant Marxist-Leninist terrorist organization formed in 1975 to force Turkey to acknowledge killing more than a million Armenians and forcibly removing them from border areas in 1915; wants Turkey to pay reparations and cede territory to Armenia|ASALA bombing at Orly Airport in Paris in 1983 killed 8 and wounded 55 people
3tc	n|a nucleoside reverse transcriptase inhibitor that is very effective in combination with zidovudine in treating AIDS and HIV|
4	adj|being one more than three|	n|the cardinal number that is the sum of three and one|
4-dimensional	adj|involving or relating to the fourth dimension or time|
4-hitter	n|a game in which a pitcher allows the opposing team 4 hits|
4-membered	adj|of a chemical compound having a ring with four members|
40	adj|being ten more than thirty|	n|the cardinal number that is the product of ten and four|
400	adj|being one hundred more than three hundred|
400th	adj|the ordinal number of four hundred in counting order|
401-k	n|a retirement savings plan that is funded by employee contributions and (often) matching contributions from the employer; contributions are made from your salary before taxes and the funds grow tax-free until they are withdrawn, at which point they can be converted into an IRA; funds can be transferred if you change employers and you can (to some extent) manage the investments yourself|
401-k plan	n|a retirement savings plan that is funded by employee contributions and (often) matching contributions from the employer; contributions are made from your salary before taxes and the funds grow tax-free until they are withdrawn, at which point they can be converted into an IRA; funds can be transferred if you change employers and you can (to some extent) manage the investments yourself|
40th	adj|the ordinal number of forty in counting order|
41	adj|being one more than forty|
41st	adj|the ordinal number of forty-one in counting order|
42	adj|being two more than forty|
42nd	adj|the ordinal number of forty-two in counting order|
43	adj|being three more than forty|
43rd	adj|the ordinal number of forty-three in counting order|
44	adj|being four more than forty|
440 yards	n|a unit of length equal to a quarter of 1 mile|
44th	adj|the ordinal number of forty-four in counting order|
45	adj|being five more than forty|
45th	adj|the ordinal number of forty-five in counting order|
46	adj|being six more than forty|
46th	adj|the ordinal number of forty-six in counting order|
47	adj|being seven more than forty|
47th	adj|the ordinal number of forty-seven in counting order|
48	adj|being eight more than forty|
48th	adj|the ordinal number of forty-eight in counting order|
49	adj|being nine more than forty|
49th	adj|the ordinal number of forty-nine in counting order|
4th	adj|coming next after the third and just before the fifth in position or time or degree or magnitude|the quaternary period of geologic time extends from the end of the tertiary period to the present
4to	n|the size of a book whose pages are made by folding a sheet of paper twice to form four leaves|
4wd	n|a motor vehicle with a four-wheel drive transmission system|	n|a transmission that provides power directly to all four wheels of a motor vehicle|
5	adj|being one more than four|	n|the cardinal number that is the sum of four and one|
5-hitter	n|a game in which a pitcher allows the opposing team 5 hits|
5-hydroxy-3-methylglutaryl-coenzyme a reductase	n|a liver enzyme that is responsible for producing cholesterol|
5-hydroxytryptamine	n|a neurotransmitter involved in e.g. sleep and depression and memory|
5-membered	adj|of a chemical compound having a ring with five members|
50	adj|being ten more than forty|	n|the cardinal number that is the product of ten and five|
500	adj|denoting a quantity consisting of 500 items or units|	n|the cardinal number that is the product of one hundred and five|
500th	adj|the ordinal number of five hundred in counting order|
50th	adj|the ordinal number of fifty in counting order|
51	adj|being one more than fifty|
52	adj|being two more than fifty|
53	adj|being three more than fifty|
54	adj|being four more than fifty|
55	adj|being five more than fifty|
55th	adj|the ordinal number of fifty-five in counting order|
56	adj|being six more than fifty|
57	adj|being seven more than fifty|
58	adj|being eight more than fifty|
59	adj|being nine more than fifty|
5th	adj|coming next after the fourth and just before the sixth in position|
6	adj|denoting a quantity consisting of six items or units|	n|the cardinal number that is the sum of five and one|
6 june 1944	n|date of the Allied landing in France, World War II|
6-membered	adj|of a chemical compound having a ring with six members|having three carbon and three nitrogen atoms in a six-membered ring
60	adj|being ten more than fifty|	n|the cardinal number that is the product of ten and six|
60 minutes	n|a period of time equal to 1/24th of a day|the job will take more than an hour
60th	adj|the ordinal number of sixty in counting order|
61	adj|being one more than sixty|
62	adj|being two more than sixty|
63	adj|being three more than sixty|
64	adj|being four more than sixty|
64th	adj|the ordinal number of sixty-four in counting order|
65	adj|being five more than sixty|
65th	adj|the ordinal number of sixty-five in counting order|
66	adj|being six more than sixty|
67	adj|being seven more than sixty|
68	adj|being eight more than sixty|
69	adj|being nine more than sixty|
6th	adj|coming next after the fifth and just before the seventh in position|
7	adj|being one more than six|	n|the cardinal number that is the sum of six and one|
7-membered	adj|of a chemical compound having a ring with seven members|
70	adj|being ten more than sixty|	n|the cardinal number that is the product of ten and seven|
70th	adj|the ordinal number of seventy in counting order|
71	adj|being one more than seventy|
72	adj|being two more than seventy|
73	adj|being three more than seventy|
74	adj|being four more than seventy|
75	adj|being five more than seventy|
75th	adj|the ordinal number of seventy-five in counting order|
76	adj|being six more than seventy|
77	adj|being seven more than seventy|
78	adj|being eight more than seventy|	n|the cardinal number that is the sum of seventy and eight|	n|a shellac based phonograph record that played at 78 revolutions per minute|
79	adj|being nine more than seventy|
7th	adj|coming next after the sixth and just before the eighth in position|
8	adj|being one more than seven|	n|the cardinal number that is the sum of seven and one|
8 may 1945	n|the date of Allied victory in Europe, World War II|
8-membered	adj|of a chemical compound having a ring with eight members|
80	adj|being ten more than seventy|	n|the cardinal number that is the product of ten and eight|
80th	adj|the ordinal number of eighty in counting order|
81	adj|being one more than eighty|
82	adj|being two more than eighty|
83	adj|being three more than eighty|
84	adj|being four more than eighty|
85	adj|being five more than eighty|
85th	adj|the ordinal number of eighty-five in counting order|
86	adj|being six more than eighty|
87	adj|being seven more than eighty|
88	adj|being eight more than eighty|
880 yards	n|a unit of length equal to half of 1 mile|
89	adj|being nine more than eighty|
8th	adj|coming next after the seventh and just before the ninth in position|
8vo	n|the size of a book whose pages are made by folding a sheet of paper three times to form eight leaves|
9	adj|denoting a quantity consisting of one more than eight and one less than ten|	n|the cardinal number that is the sum of eight and one|
9-membered	adj|of a chemical compound having a ring with nine members|
90	adj|being ten more than eighty|	n|the cardinal number that is the product of ten and nine|
90th	adj|the ordinal number of ninety in counting order|
91	adj|being one more than ninety|
92	adj|being two more than ninety|
93	adj|being three more than ninety|
94	adj|being four more than ninety|
95	adj|being five more than ninety|
95th	adj|the ordinal number of ninety-five in counting order|
96	adj|being six more than ninety|
97	adj|being seven more than ninety|
98	adj|being eight more than ninety|
99	adj|being one less than one hundred and nine more than ninety|
9th	adj|coming next after the eighth and just before the tenth in position|
