q	n|the 17th letter of the Roman alphabet|
q fever	n|an acute disease resembling influenza|
qabala	n|an esoteric or occult matter resembling the Kabbalah that is traditionally secret|
qabalah	n|an esoteric or occult matter resembling the Kabbalah that is traditionally secret|
qabalistic	adj|having a secret or hidden meaning|cabalistic symbols engraved in stone
qabbala	n|an esoteric theosophy of rabbinical origin based on the Hebrew scriptures and developed between the 7th and 18th centuries|
qabbalah	n|an esoteric theosophy of rabbinical origin based on the Hebrew scriptures and developed between the 7th and 18th centuries|
qaddafi	n|Libyan leader who seized power in a military coup d'etat in 1969; deposed the Libyan monarchy and imposed socialism and Islamic orthodoxy on the country (born in 1942)|
qadhafi	n|Libyan leader who seized power in a military coup d'etat in 1969; deposed the Libyan monarchy and imposed socialism and Islamic orthodoxy on the country (born in 1942)|
qadi	n|an Islamic judge|
qandahar	n|a city in southern Afghanistan; an important trading center|
qara qum	n|a desert in Turkmenistan to the south of the Aral Sea|
qassam brigades	n|the military arm of Hamas responsible for suicide bombings and other attacks on Israel|
qat	n|the leaves of the shrub Catha edulis which are chewed like tobacco or used to make tea; has the effect of a euphoric stimulant|in Yemen kat is used daily by 85% of adults
qatar	n|an Arab country on the peninsula of Qatar; achieved independence from the United Kingdom in 1971; the economy is dominated by oil|	n|a peninsula extending northward from the Arabian mainland into the Persian Gulf|
qatar peninsula	n|a peninsula extending northward from the Arabian mainland into the Persian Gulf|
qatari	adj|of or concerning Qatar or its inhabitants|the Qatari ruling family	n|a native or inhabitant of Qatar|
qatari dirham	n|100 dirhams equal 1 riyal in Qatar|
qatari monetary unit	n|monetary unit in Qatar|
qatari riyal	n|the basic unit of money in Qatar|
qcd	n|a theory of strong interactions between elementary particles (including the interaction that binds protons and neutrons in the nucleus); it assumes that strongly interacting particles (hadrons) are made of quarks and that gluons bind the quarks together|
qed	n|a relativistic quantum theory of the electromagnetic interactions of photons and electrons and muons|
qepiq	n|100 qepiq equal 1 manat in Azerbaijan|
qi	n|the circulating life energy that in Chinese philosophy is thought to be inherent in all things; in traditional Chinese medicine the balance of negative and positive forms in the body is believed to be essential for good health|
qiang	n|the Tibeto-Burman language spoken in Sichuan|
qiangic	n|the Tibeto-Burman language spoken in Sichuan|
qibla	n|the direction of the Kaaba toward which Muslims turn for their daily prayers|	n|a small terrorist group of Muslims in South Africa formed in the 1980s; was inspired by Ayatollah Khomeini to create an Islamic state in South Africa|
qin	n|the Chinese dynasty (from 246 BC to 206 BC) that established the first centralized imperial government and built much of the Great Wall|
qin dynasty	n|the Chinese dynasty (from 246 BC to 206 BC) that established the first centralized imperial government and built much of the Great Wall|
qin shi huang ti	n|the first Qin emperor who unified China, built much of the Great Wall, standardized weights and measures, and created a common currency and legal system (died 210 BC)|
qindarka	n|100 qindarka equal 1 lek in Albania|
qing	n|the last imperial dynasty of China (from 1644 to 1912) which was overthrown by revolutionaries; during the Qing dynasty China was ruled by the Manchu|
qing dynasty	n|the last imperial dynasty of China (from 1644 to 1912) which was overthrown by revolutionaries; during the Qing dynasty China was ruled by the Manchu|
qintar	n|100 qindarka equal 1 lek in Albania|
qizil qum	n|a desert in Uzbekistan to the southeast of the Aral Sea|
qoph	n|the 19th letter of the Hebrew alphabet|
quaalude	n|sedative-hypnotic drug (trade name Quaalude) that is a drug of abuse|
quack	adj|medically unqualified|a quack doctor	n|an untrained person who pretends to be a physician and who dispenses medical advice|	n|the harsh sound of a duck|	v|utter quacking noises|The ducks quacked
quack grass	n|European grass spreading rapidly by creeping rhizomes; naturalized in North America as a weed|
quack-quack	n|child's word for a duck|
quackery	n|medical practice and advice based on observation and experience in ignorance of scientific findings|	n|the dishonesty of a charlatan|
quackgrass	n|European grass spreading rapidly by creeping rhizomes; naturalized in North America as a weed|
quad	n|one of four children born at the same time from the same pregnancy|	n|a muscle of the thigh that extends the leg|	n|(printing) a block of type without a raised letter; used for spacing between words or sentences|	n|a rectangular area surrounded on all sides by buildings|
quadragesima	n|the first Sunday in Lent|
quadrangle	n|a four-sided polygon|	n|a rectangular area surrounded on all sides by buildings|
quadrangular	adj|of or relating to or shaped like a quadrangle|
quadrangular prism	n|a prism whose bases are quadrangles|
quadrant	n|a quarter of the circumference of a circle|	n|any of the four areas into which a plane is divided by two orthogonal coordinate axes|	n|the area enclosed by two perpendicular radii of a circle|	n|a measuring instrument for measuring altitude of heavenly bodies|
quadrantanopia	n|blindness in one fourth of the visual field|
quadraphonic	adj|of or relating to quadraphony|his quadraphonic sound system
quadraphonic system	n|a stereophonic sound recording or reproducing system using four separate channels|
quadraphony	n|a stereophonic sound recording or reproducing system using four separate channels|
quadrasonic	adj|of or relating to quadraphony|his quadraphonic sound system
quadrate	adj|having four sides and four angles|	n|a cubelike object|	n|a square-shaped object|
quadratic	adj|involving  the second and no higher power of a quantity or degree|quadratic equation	n|an equation in which the highest power of an unknown quantity is a square|	n|a polynomial of the second degree|
quadratic equation	n|an equation in which the highest power of an unknown quantity is a square|
quadratic polynomial	n|a polynomial of the second degree|
quadratics	n|a branch of algebra dealing with quadratic equations|
quadrature	n|the construction of a square having the same area as some other figure|
quadrennium	n|a period of four years|
quadric	n|a curve or surface whose equation (in Cartesian coordinates) is of the second degree|
quadric surface	n|a curve or surface whose equation (in Cartesian coordinates) is of the second degree|
quadriceps	n|a muscle of the thigh that extends the leg|
quadriceps femoris	n|a muscle of the thigh that extends the leg|
quadrigesima sunday	n|the first Sunday in Lent|
quadrilateral	adj|having four sides|	n|a four-sided polygon|
quadrille	n|music for dancing the quadrille|	n|a square dance of 5 or more figures for 4 or more couples|
quadrillion	n|the number that is represented as a one followed by 24 zeros|in England they call a septillion a quadrillion	n|the number that is represented as a one followed by 15 zeros|
quadrillionth	adj|the ordinal number of one quadrillion in counting order|	n|one part in a quadrillion equal parts|
quadripara	n|(obstetrics) woman who has given birth to a viable infant in each of four pregnancies|
quadripartite	adj|involving four parties|
quadriphonic	adj|of or relating to quadraphony|his quadraphonic sound system
quadriphonic system	n|a stereophonic sound recording or reproducing system using four separate channels|
quadriplegia	n|paralysis of both arms and both legs|
quadriplegic	n|a person who is paralyzed in both arms and both legs|
quadrisonic	adj|of or relating to quadraphony|his quadraphonic sound system
quadrivium	n|(Middle Ages) a higher division of the curriculum in a medieval university involving arithmetic and music and geometry and astronomy|
quadroon	n|an offspring of a mulatto and a white parent; a person who is one-quarter black|
quadrumvirate	n|a group of four men|
quadruped	adj|having four feet|	n|an animal especially a mammal having four limbs specialized for walking|
quadrupedal	adj|having four feet|
quadruple	v|increase fourfold|His stock earning quadrupled	adj|having four units or components|quadruple rhythm has four beats per measure	adj|four times as great or many|a fourfold increase in the dosage	n|a set of four similar things considered as a unit|
quadruple time	n|a time signature indicating four beats to the bar|
quadruplet	n|the cardinal number that is the sum of three and one|	n|one of four children born at the same time from the same pregnancy|	n|a set of four similar things considered as a unit|
quadruplex	adj|having four units or components|quadruple rhythm has four beats per measure
quadruplicate	adj|having four units or components|quadruple rhythm has four beats per measure	n|any four copies; any of four things that correspond to one another exactly|it was signed in quadruplicate	v|reproduce fourfold|quadruplicate the bill
quadrupling	n|increase by a factor of four|
quaestor	n|any of several public officials of ancient Rome (usually in charge of finance and administration)|
quaff	n|a hearty draft|	v|to swallow hurriedly or greedily or in one draught|The men gulped down their beers
quaffer	n|a person who drinks heartily|
quag	n|a soft wet area of low-lying land that sinks underfoot|
quagga	n|mammal of South Africa that resembled a zebra; extinct since late 19th century|
quaggy	adj|(of soil) soft and watery|the ground was boggy under foot
quagmire	n|a soft wet area of low-lying land that sinks underfoot|
quahaug	n|Atlantic coast round clams with hard shells; large clams usually used for chowders or other clam dishes|
quahog	n|Atlantic coast round clams with hard shells; large clams usually used for chowders or other clam dishes|
quai d'orsay	n|the street in Paris along the south bank of the Seine known for its governmental ministries|	n|the French department in charge of foreign affairs; referred to familiarly by its address in Paris|
quail	v|draw back, as with fear or pain|she flinched when they showed the slaughtering of the calf	n|flesh of quail; suitable for roasting or broiling if young; otherwise must be braised|	n|small gallinaceous game birds|
quail at	v|anticipate with dread or anxiety|
quaint	adj|strange in an interesting or pleasing way|quaint dialect words	adj|very strange or unusual; odd or even incongruous in character or appearance|the head terminating in the quaint duck bill which gives the animal its vernacular name"- Bill Beatty	adj|attractively old-fashioned (but not necessarily authentic)|houses with quaint thatched roofs
quaintly	adv|in a strange but not unpleasant manner|the old lady expressed herself somewhat quaintly	adv|in a quaint old-fashioned manner|the room was quaintly furnished
quaintness	n|the quality of being quaint and old-fashioned; its quaintness was appealing"|she liked the old cottage	n|strangeness as a consequence of being old fashioned|some words in her dialect had a charming quaintness
quake	n|shaking and vibration at the surface of the earth resulting from underground movement along a fault plane or from volcanic activity|	v|shake with fast, tremulous movements|His nostrils palpitated	v|shake with seismic vibrations|The earth was quaking
quaker	n|a member of the Religious Society of Friends founded by George Fox (the Friends have never called themselves Quakers)|	n|one who quakes and trembles with (or as with) fear|
quaker gun	n|a dummy gun or piece of artillery made usually of wood|
quakerism	n|the theological doctrine of the Society of Friends characterized by opposition to war and rejection of ritual and a formal creed and an ordained ministry|
quakers	n|a Christian sect founded by George Fox about 1660; commonly called Quakers|
quaking aspen	n|Old World aspen with a broad much-branched crown; northwestern Europe and Siberia to North Africa|
qualification	n|an attribute that must be met or complied with and that fits a person for something|her qualifications for the job are excellent	n|the act of modifying or changing the strength of some idea|his new position involves a qualification of his party's platform	n|a statement that limits or restricts some claim|he recommended her without any reservations
qualified	adj|meeting the proper standards and requirements and training for an office or position or task|many qualified applicants for the job	adj|limited or restricted; not absolute|gave only qualified approval	adj|holding appropriate documentation and officially on record as qualified to perform a specified function or practice a specified skill|a registered pharmacist	adj|restricted in meaning; (as e.g. `man' in `a tall man')|
qualifier	n|a contestant who meets certain requirements and so qualifies to take part in the next stage of competition|the tournament was won by a late qualifier	n|a content word that qualifies the meaning of a noun or verb|
qualify	v|prove capable or fit; meet requirements|	v|pronounce fit or able|She was qualified to run the marathon	v|make more specific|qualify these remarks	v|make fit or prepared|Your education qualifies you for this job
qualifying	n|the grammatical relation that exists when a word qualifies the meaning of the phrase|	n|success in satisfying a test or requirement|his future depended on his passing that test
qualifying adjective	n|an adjective that ascribes to its noun the value of an attribute of that noun (e.g., `a nervous person' or `a musical speaking voice')|
qualitative	adj|involving distinctions based on qualities|qualitative change	adj|relating to or involving comparisons based on qualities|
qualitative analysis	n|the act of decomposing a substance into its constituent elements|
qualitatively	adv|in a qualitative manner|this discoloration qualitatively suggests that the substance is low in inorganic iron
quality	n|an essential and distinguishing attribute of something or someone|the quality of mercy is not strained"--Shakespeare	n|a degree or grade of excellence or worth|the quality of students has risen	n|a characteristic property that defines the apparent individual nature of something|each town has a quality all its own	n|(music) the distinctive property of a complex sound (a voice or noise or musical sound)|the timbre of her soprano was rich and lovely
quality control	n|maintenance of standards of quality of manufactured goods|
quality of life	n|your personal satisfaction (or dissatisfaction) with the cultural or intellectual conditions under which you live (as distinct from material comfort)|the new art museum is expected to improve the quality of life
qualm	n|uneasiness about the fitness of an action|	n|a mild state of nausea|
quamash	n|any of several plants of the genus Camassia; North and South America|
quamassia	n|genus of scapose herbs of North and South America having large edible bulbs|
quandang	n|Australian tree with edible flesh and edible nutlike seed|	n|red Australian fruit; used for dessert or in jam|
quandary	n|a situation from which extrication is difficult especially an unpleasant or trying one|finds himself in a most awkward predicament	n|state of uncertainty or perplexity especially as requiring a choice between equally unfavorable options|
quandong	n|Australian tree with edible flesh and edible nutlike seed|	n|the fruit of the Brisbane quandong tree|	n|Australian tree having hard white timber and glossy green leaves with white flowers followed by one-seeded glossy blue fruit|	n|red Australian fruit; used for dessert or in jam|
quandong nut	n|edible nutlike seed of the quandong fruit|
quandong tree	n|Australian tree with edible flesh and edible nutlike seed|	n|Australian tree having hard white timber and glossy green leaves with white flowers followed by one-seeded glossy blue fruit|
quango	n|a quasi nongovernmental organization; an organization that is financed by the government yet acts independently of the government|
quantal	adj|of or relating to a quantum or capable of existing in only one of two states|
quantic	n|a homogeneous polynomial having at least two variables|
quantifiability	n|the quality of being measurable|
quantifiable	adj|capable of being quantified|
quantification	n|a limitation imposed on the variables of a proposition (as by the quantifiers `some' or `all' or `no')|	n|the act of discovering or expressing the quantity of something|
quantifier	n|(logic) a word (such as `some' or `all' or `no') that binds the variables in a logical proposition|	n|(grammar) a word that expresses a quantity (as `fifteen' or `many')|
quantify	v|use as a quantifier|	v|express as a number or measure or quantity|Can you quantify your results?
quantisation	n|the act of dividing into quanta or expressing in terms of quantum theory|
quantise	v|approximate (a signal varying continuously in amplitude) by one whose amplitude is restricted to a prescribed set of discrete values|	v|apply quantum theory to; restrict the number of possible values of (a quantity) or states of (a physical entity or system) so that certain variables can assume only certain discrete magnitudes that are integral multiples of a common factor|Quantize gravity
quantitative	adj|expressible as a quantity or relating to or susceptible of measurement|export wheat without quantitative limitations	adj|relating to the measurement of quantity|quantitative studies	adj|(of verse) having a metric system based on relative duration of syllables|in typical Greek and Latin verse of the classical period the rhymic system is based on some arrangement of long and short elements
quantitative analysis	n|chemical analysis to determine the amounts of each element in the substance|
quantitative chemical analysis	n|chemical analysis to determine the amounts of each element in the substance|
quantitative relation	n|a relation between magnitudes|
quantitatively	adv|in a quantitative manner|this can be expressed quantitatively
quantity	n|how much there is or how many there are of something that you can quantify|	n|an adequate or large amount|he had a quantity of ammunition	n|the concept that something has a magnitude and can be represented in mathematical expressions by a constant or a variable|
quantity unit	n|a measure of the quantity of electricity (determined by the amount of an electric current and the time for which it flows)|
quantization	n|the act of dividing into quanta or expressing in terms of quantum theory|
quantize	v|approximate (a signal varying continuously in amplitude) by one whose amplitude is restricted to a prescribed set of discrete values|	v|apply quantum theory to; restrict the number of possible values of (a quantity) or states of (a physical entity or system) so that certain variables can assume only certain discrete magnitudes that are integral multiples of a common factor|Quantize gravity
quantized	adj|of or relating to a quantum or capable of existing in only one of two states|
quantong	n|red Australian fruit; used for dessert or in jam|
quantum	n|a discrete amount of something that is analogous to the quantities in quantum theory|	n|(physics) the smallest discrete quantity of some physical property that a system can possess (according to quantum theory)|
quantum chromodynamics	n|a theory of strong interactions between elementary particles (including the interaction that binds protons and neutrons in the nucleus); it assumes that strongly interacting particles (hadrons) are made of quarks and that gluons bind the quarks together|
quantum electrodynamics	n|a relativistic quantum theory of the electromagnetic interactions of photons and electrons and muons|
quantum field theory	n|the branch of quantum physics that is concerned with the theory of fields; it was motivated by the question of how an atom radiates light as its electrons jump from excited states|
quantum jump	n|(physics) an abrupt transition of an electron or atom or molecule from one quantum state to another with the emission or absorption of a quantum|	n|a sudden large increase or advance|this may not insure success but it will represent a quantum leap from last summer
quantum leap	n|a sudden large increase or advance|this may not insure success but it will represent a quantum leap from last summer
quantum mechanics	n|the branch of quantum physics that accounts for matter at the atomic level; an extension of statistical mechanics based on quantum theory (especially the Pauli exclusion principle)|
quantum physics	n|the branch of physics based on quantum theory|
quantum theory	n|(physics) a physical theory that certain properties occur only in discrete amounts (quanta)|
quaoar	n|a planetoid discovered in 2002|
quapaw	n|a member of the Siouan people of the Arkansas river valley in Arkansas|	n|the Dhegiha dialect spoken by the Quapaw|
quarantine	n|enforced isolation of patients suffering from a contagious disease in order to prevent the spread of disease|	n|isolation to prevent the spread of infectious disease|	v|place into enforced isolation, as for medical reasons|My dog was quarantined before he could live in England
quarantined	adj|under forced isolation especially for health reasons|a quarantined animal
quark	n|(physics) hypothetical truly fundamental particle in mesons and baryons; there are supposed to be six flavors of quarks (and their antiquarks), which come in pairs; each has an electric charge of +2/3 or -1/3|quarks have not been observed directly but theoretical predictions based on their existence have been confirmed experimentally	n|fresh unripened cheese of a smooth texture made from pasteurized milk, a starter, and rennet|
quark cheese	n|fresh unripened cheese of a smooth texture made from pasteurized milk, a starter, and rennet|
quarrel	n|an angry dispute|they had a quarrel	n|an arrow that is shot from a crossbow; has a head with four edges|	v|have a disagreement over something|We quarreled over the question as to who discovered America
quarreler	n|a disputant who quarrels|
quarreller	n|a disputant who quarrels|
quarrelsome	adj|given to quarreling|arguing children
quarrelsomeness	n|an inclination to be quarrelsome and contentious|
quarrier	n|a man who works in a quarry|
quarry	n|a person who is the aim of an attack (especially a victim of ridicule or exploitation) by some hostile person or influence|he fell prey to muggers	n|a surface excavation for extracting stone or slate|a British term for `quarry' is `stone pit'	n|animal hunted or caught for food|	v|extract (something such as stones) from or as if from a quarry|quarry marble
quarrying	n|the extraction of building stone or slate from an open surface quarry|
quarryman	n|a man who works in a quarry|
quart	n|a British imperial capacity measure (liquid or dry) equal to 2 pints or 1.136 liters|
quartan	adj|occurring every fourth day (especially the fever and weakness of malaria)|quartan malaria	n|a malarial fever that recurs every fourth day|
quarter	n|one of four equal parts|a quarter of a pound	n|a district of a city having some distinguishing character|the Latin Quarter	n|(football, professional basketball) one of four divisions into which some games are divided|both teams scored in the first quarter	n|a unit of time equal to 15 minutes or a quarter of an hour|it's a quarter til 4
quarter crack	n|a crack on the inside of a horse's forefoot|
quarter day	n|a Christian holy day; one of four specified days when certain payments are due|
quarter horse	n|a small powerful horse originally bred for sprinting in quarter-mile races in Virginia|
quarter mile	n|a unit of length equal to a quarter of 1 mile|
quarter note	n|a musical note having the time value of a quarter of a whole note|
quarter plate	n|a photographic plate measuring 3.25 inches by 4.25 inches|
quarter pound	n|4 ounces avoirdupois|
quarter rest	n|a musical rest having one-fourth the time value of a whole rest|
quarter round	n|a convex molding having a cross section in the form of a quarter of a circle or of an ellipse|
quarter section	n|a land unit equal to a quarter of a section (160 acres) and measuring 1/2 mile on a side|
quarter sessions	n|a local court with criminal jurisdiction and sometimes administrative functions|
quarter stock	n|stock with a par value of $25/share|
quarter tone	n|half of a semitone|
quarter-century	n|a period of 25 years|
quarter-circle	n|a quarter of the circumference of a circle|
quarter-hour	n|a quarter of an hour|
quarter-tone	n|half of a semitone|
quarterback	n|(football) the person who plays quarterback|	v|play the quarterback|
quarterdeck	n|the stern area of a ship's upper deck|
quarterfinal	n|one of the four competitions in an elimination tournament whose winners go on to play in the semifinals|
quartering	n|a coat of arms that occupies one quarter of an escutcheon; combining four coats of arms on one shield usually represented intermarriages|	n|living accommodations (especially those assigned to military personnel)|	n|dividing into four equal parts|
quarterlight	n|car window consisting of a small pivoted glass vent in the door of a car|
quarterly	adj|of or relating to or consisting of a quarter|quarterly report	adv|in diagonally opposed quarters of an escutcheon|two coats of arms borne quarterly	adv|in three month intervals|interest is compounded quarterly	n|a periodical that is published every quarter (or four issues per year)|
quartermaster	n|an army officer who provides clothing and subsistence for troops|
quartermaster general	n|a staff officer in charge of supplies for a whole army|
quartern	n|one of four equal parts|a quarter of a pound
quarters	n|housing available for people to live in|he found quarters for his family
quarterstaff	n|a long stout staff used as a weapon|
quartet	n|the cardinal number that is the sum of three and one|	n|four performers or singers who perform together|	n|a set of four similar things considered as a unit|	n|four people considered as a unit|he joined a barbershop quartet
quartette	n|four performers or singers who perform together|	n|a set of four similar things considered as a unit|	n|four people considered as a unit|he joined a barbershop quartet	n|a musical composition for four performers|
quartic	n|an algebraic equation or function of the fourth degree|
quartic polynomial	n|a polynomial of the fourth degree|
quartile	n|(statistics) any of three points that divide an ordered distribution into four parts each containing one quarter of the scores|
quarto	n|the size of a book whose pages are made by folding a sheet of paper twice to form four leaves|
quartz	n|colorless glass made of almost pure silica|	n|a hard glossy mineral consisting of silicon dioxide in crystal form; present in most rocks (especially sandstone and granite); yellow sand is quartz with iron oxide impurities|
quartz battery	n|a stamp mill for stamping quartz|
quartz crystal	n|a thin plate or small rod of quartz cut along certain lines and ground so that it can produce an electric signal at a constant frequency; used in crystal oscillators|
quartz glass	n|colorless glass made of almost pure silica|
quartz lamp	n|a mercury-vapor lamp that is enclosed in a quartz container instead of a glass container|
quartz mill	n|a stamp mill for stamping quartz|
quartz oscillator	n|an oscillator that produces electrical oscillations at a frequency determined by the physical characteristics of a piezoelectric quartz crystal|
quartzite	n|hard metamorphic rock consisting essentially of interlocking quartz crystals|
quartzose	adj|relating to or made of quartz|
quasar	n|a starlike object that may send out radio waves and other forms of energy; many have large red shifts|
quash	v|put down by force or intimidation|The government quashes any attempt of an uprising	v|declare invalid|The contract was annulled
quasi	adj|having some resemblance|a quasi success
quasi contract	n|a contract created by law for reasons of justice without any expression of assent|
quasi-ngo	n|a quasi nongovernmental organization; an organization that is financed by the government yet acts independently of the government|
quasi-religious	adj|resembling something that is religious|
quasi-royal	adj|having the power but not the rank or title of a king|one of the quasi-royal rulers of Africa
quasi-stellar radio source	n|a starlike object that may send out radio waves and other forms of energy; many have large red shifts|
quasiparticle	n|a quantum of energy (in a crystal lattice or other system) that has position and momentum and can in some respects be regarded as a particle|
quassia	n|a bitter compound used as an insecticide and tonic and vermifuge; extracted from the wood and bark of trees of the genera Quassia and Picrasma|
quassia family	n|chiefly tropical trees and shrubs with bitter bark having dry usually one-seeded winged fruit|
quat	n|the leaves of the shrub Catha edulis which are chewed like tobacco or used to make tea; has the effect of a euphoric stimulant|in Yemen kat is used daily by 85% of adults
quatercentenary	n|the 400th anniversary (or the celebration of it)|
quatercentennial	n|the 400th anniversary (or the celebration of it)|
quatern	n|the cardinal number that is the sum of three and one|
quaternary	adj|consisting of or especially arranged in sets of four|quaternate leaves	adj|coming next after the third and just before the fifth in position or time or degree or magnitude|the quaternary period of geologic time extends from the end of the tertiary period to the present	n|last 2 million years|	n|the cardinal number that is the sum of three and one|
quaternary ammonium compound	n|a compound derived from ammonium with hydrogen atoms replaced by organic groups; used as surface-active agents, disinfectants, and in drugs|
quaternary period	n|last 2 million years|
quaternate	adj|consisting of or especially arranged in sets of four|quaternate leaves
quaternion	n|the cardinal number that is the sum of three and one|
quaternity	n|the cardinal number that is the sum of three and one|
quatrain	n|a stanza of four lines|
quattrocento	n|the 15th century in Italian art and literature|
quaver	n|a tremulous sound|	n|a musical note having the time value of an eighth of a whole note|	v|give off unsteady sounds, alternating in amplitude or frequency|	v|sing or play with trills, alternating with the half note above or below|
quavering	adj|(of the voice) quivering as from weakness or fear|the old lady's quavering voice
quaveringly	adv|in an unsteady quavering manner|the man began quaveringly to question the soldier
quay	n|wharf usually built parallel to the shoreline|
quayage	n|a fee charged for the use of a wharf or quay|
queasily	adv|in a queasy manner|`Do I have to remove the liver,' the medical student asked queasily
queasiness	n|a mild state of nausea|	n|inability to rest or relax or be still|
queasy	adj|causing or able to cause nausea|a nauseating smell	adj|feeling nausea; feeling about to vomit|	adj|causing or fraught with or showing anxiety|spent an anxious night waiting for the test results
quebec	n|the French-speaking capital of the province of Quebec; situated on the Saint Lawrence River|	n|the largest province of Canada; a French colony from 1663 to 1759 when it was lost to the British|
quebec bridge	n|a cantilever bridge in Quebec|
quebec city	n|the French-speaking capital of the province of Quebec; situated on the Saint Lawrence River|
quebecois	adj|of or relating to Quebec (especially to the French speaking inhabitants or their culture)|	n|a native or inhabitant of Quebec (especially one who speaks French)|
quechua	n|the language of the Quechua which was spoken by the Incas|
quechuan	adj|of or relating to the Quechua or their language|	n|the language of the Quechua which was spoken by the Incas|
quechuan language	n|the language of the Quechua which was spoken by the Incas|
queckenstedt's test	n|a test to determine whether there is a blockage of the spinal canal|
queen	n|the only fertile female in a colony of social insects such as bees and ants and termites; its function is to lay eggs|	n|a female sovereign ruler|	n|the wife or widow of a king|	n|something personified as a woman who is considered the best or most important of her kind|Paris is the queen of cities
queen anne's lace	n|a widely naturalized Eurasian herb with finely cut foliage and white compound umbels of small white or yellowish flowers and thin yellowish roots|
queen bee	n|fertile egg-laying female bee|
queen charlotte sound	n|an inlet of the Pacific Ocean off the coast of British Columbia|
queen city	n|the largest city in North Carolina; located in south central North Carolina|
queen consort	n|the wife of a reigning king|
queen dowager	n|the widow of a king|
queen isabella	n|the queen of Castile whose marriage to Ferdinand of Aragon in 1469 marked the beginning of the modern state of Spain; they instituted the Spanish Inquisition in 1478 and sponsored the voyages of Christopher Columbus in 1492 (1451-1504)|
queen it over	v|act like the master of|He is lording it over the students
queen maud land	n|a region of Antarctica between Enderby Land and the Weddell Sea; claimed by Norway|
queen mole rat	n|an especially large mole rat and the only member of a colony of naked mole rats to bear offspring which are sired by only a few males|
queen mother	n|a queen dowager who is mother of the reigning sovereign|
queen of england	n|the sovereign ruler of England|
queen of the may	n|the girl chosen queen of a May Day festival|
queen post	n|vertical tie post in a roof truss|
queen regent	n|a queen who serves as ruler when the king cannot|
queen regnant	n|a female sovereign ruler|
queen triggerfish	n|tropical Atlantic fish|
queen victoria	n|queen of Great Britain and Ireland and empress of India from 1837 to 1901; the last Hanoverian ruler of England (1819-1901)|
queen's counsel	n|Counsel to the Crown when the British monarch is a queen|
queen's crape myrtle	n|native to Asia, Australia, and East Indies, where it provides timber called pyinma; used elsewhere as an ornamental for its large showy flowers|
queen's cup	n|plant with 1 or 2 white starlike flowers on short leafless stalks; Alaska to California and east to Oregon and Montana|
queen's english	n|English as spoken by educated persons in southern England|
queen-size	adj|(used especially of beds) not as large as king-size|a queen-sized bed
queen-sized	adj|(used especially of beds) not as large as king-size|a queen-sized bed
queenfish	n|silvery and bluish drumfish of shallow California coastal waters|
queenlike	adj|having the rank of or resembling or befitting a queen|queenly propriety
queenly	adj|having the rank of or resembling or befitting a queen|queenly propriety
queens	n|a borough of New York City|
queensboro bridge	n|a cantilever bridge across the East River between Manhattan and Queens|
queensland	n|a state in northeastern Australia|
queensland bottletree	n|large tree of Queensland having cream-colored flowers blotched with red inside; sometimes placed in genus Sterculia|
queensland grass-cloth plant	n|Australian plant of genus Pipturus whose fiber is used in making cloth|
queensland hemp	n|herb widely distributed in tropics and subtropics used for forage and medicinally as a demulcent and having a fine soft bast stronger than jute; sometimes an aggressive weed|
queensland kauri	n|Australian timber tree resembling the kauri but having wood much lighter in weight and softer|
queensland lungfish	n|an endangered species of lungfish found in rivers in Queensland|
queensland nut	n|bushy tree with pink to purple flowers|
queer	adj|beyond or deviating from the usual or expected|a curious hybrid accent	adj|homosexual or arousing homosexual desires|	n|offensive term for a homosexual man|	v|hinder or prevent (the efforts, plans, or desires) of|What ultimately frustrated every challenger was Ruth's amazing September surge
queer bird	n|someone regarded as eccentric or crazy and standing out from a group|
queer duck	n|someone regarded as eccentric or crazy and standing out from a group|
queerly	adv|in a strange manner|a queerly inscribed sheet of paper	adv|in a questionably unusual manner|this money had been queerly come by
queerness	n|a strange attitude or habit|	n|a sexual attraction to (or sexual relations with) persons of the same sex|
quell	v|suppress or crush completely|squelch any sign of dissent	v|overcome or allay|quell my hunger
quelled	adj|subdued or overcome|the quelled rebellion
quelling	n|forceful prevention; putting down by power or authority|the suppression of heresy
quellung	n|the swelling of the capsule surrounding a microorganism after reaction with an antibody; the basis of certain tests for identifying microorganisms|pneumococcus quellung
quellung reaction	n|the swelling of the capsule surrounding a microorganism after reaction with an antibody; the basis of certain tests for identifying microorganisms|pneumococcus quellung
quench	v|satisfy (thirst)|The cold water quenched his thirst	v|put out, as of fires, flames, or lights|Too big to be extinguished at once, the forest fires at best could be contained	v|electronics: suppress (sparking) when the current is cut off in an inductive circuit, or suppress (an oscillation or discharge) in a component or device|	v|suppress or crush completely|squelch any sign of dissent
quenched	adj|allayed|his thirst quenched he was able to continue	adj|subdued or overcome|the quelled rebellion
quenched steel	n|steel that has been hardened by immersing it in water or oil to cool it|
quenching	n|the act of extinguishing; causing to stop burning|the extinction of the lights
quenchless	adj|impossible to quench|unquenchable thirst
quercitron	n|a yellow dye made from the bark of the quercitron oak tree|
quercus	n|oaks|
quercus agrifolia	n|highly variable often shrubby evergreen oak of coastal zone of western North America having small thick usually spiny-toothed dark-green leaves|
quercus arizonica	n|semi-evergreen shrub or small tree of Arizona and New Mexico having acorns with hemispherical cups|
quercus borealis	n|large symmetrical deciduous tree with rounded crown widely distributed in eastern North America; has large leaves with triangular spiny tipped lobes and coarse-grained wood less durable than that of white oaks|
quercus cerris	n|large deciduous tree of central and southern Europe and Asia Minor having lanceolate leaves with spiked lobes|
quercus ellipsoidalis	n|small to medium deciduous oak of east central North America; leaves have sharply pointed lobes|
quercus falcata	n|large round-topped deciduous tree with spreading branches having narrow falcate leaves with deeply sinuate lobes and wood similar to that of northern red oaks; New Jersey to Illinois and southward|
quercus garryana	n|small deciduous tree of western North America with crooked branches and pale grey bark|
quercus grosseserrata	n|oak with moderately light fine-grained wood; Japan|
quercus ilex	n|evergreen oak of southern Europe having leaves somewhat resembling those of holly; yields a hard wood|
quercus kelloggii	n|large deciduous tree of the Pacific coast having deeply parted bristle-tipped leaves|
quercus lobata	n|tall graceful deciduous California oak having leathery leaves and slender pointed acorns|
quercus macrocarpa	n|medium to large deciduous oak of central and eastern North America with ovoid acorns deeply immersed in large fringed cups; yields tough close-grained wood|
quercus mongolica	n|oak with moderately light fine-grained wood; Japan|
quercus nuttalli	n|similar to the pin oak; grows in damp sites in Mississippi River basin|
quercus petraea	n|deciduous European oak valued for its tough elastic wood|
quercus robur	n|medium to large deciduous European oak having smooth leaves with rounded lobes; yields hard strong light-colored wood|
quercus rubra	n|large symmetrical deciduous tree with rounded crown widely distributed in eastern North America; has large leaves with triangular spiny tipped lobes and coarse-grained wood less durable than that of white oaks|
quercus sessiliflora	n|deciduous European oak valued for its tough elastic wood|
quercus suber	n|medium-sized evergreen oak of southern Europe and northern Africa having thick corky bark that is periodically stripped to yield commercial cork|
quercus texana	n|small deciduous tree having the trunk branched almost from the base with spreading branches; Texas and southern Oklahoma|
quercus variabilis	n|medium to large deciduous tree of China, Japan, and Korea having thick corky bark|
quercus virginiana	n|medium-sized evergreen native to eastern North America to the east coast of Mexico; often cultivated as shade tree for it wide-spreading crown; extremely hard tough durable wood once used in shipbuilding|
quercus wislizenii	n|a small shrubby evergreen tree of western North America similar to the coast live oak but occurring chiefly in foothills of mountain ranges removed from the coast; an important part of the chaparral|
quercus wizlizenii	n|a small shrubby evergreen tree of western North America similar to the coast live oak but occurring chiefly in foothills of mountain ranges removed from the coast; an important part of the chaparral|
querier	n|someone who asks a question|
quern	n|a primitive stone mill for grinding corn by hand|
querulous	adj|habitually complaining|a whiny child
querulously	adv|in a peevish manner|
querulousness	n|the quality of being given to complaining|
query	n|an instance of questioning|there was a question about my training	v|pose a question|
query language	n|a source language consisting of procedural operators that invoke functions to be executed|
quesadilla	n|a tortilla that is filled with cheese and heated|
quest	n|a search for an alternative that meets cognitive criteria|the pursuit of love	n|the act of searching for something|a quest for diamonds	v|make a search (for)|Things that die with their eyes open and questing	v|search the trail of (game)|The dog went off and quested
quest after	v|go in search of or hunt for|pursue a hobby
quest for	v|go in search of or hunt for|pursue a hobby
quester	n|someone making a search or inquiry|they are seekers after truth
question	v|challenge the accuracy, probity, or propriety of|We must question your judgment in this matter	v|pose a series of questions to|The suspect was questioned by the police	v|pose a question|	v|conduct an interview in television, newspaper, and radio reporting|
question mark	n|a punctuation mark (?) placed at the end of a sentence to indicate a question|
question master	n|the host or chairman of a radio or tv quiz show or panel game|
question of fact	n|a disputed factual contention that is generally left for a jury to decide|
question of law	n|a disputed legal contention that is generally left for a judge to decide|
question sheet	n|a written examination|
question time	n|a period during a parliamentary session when members of British Parliament may ask questions of the ministers|
questionable	adj|subject to question|questionable motives	adj|able to be refuted|
questionably	adv|in a questionable and dubious manner|these were estates his father questionably acquired
questioner	n|someone who asks a question|
questioning	adj|perplexed (as if being expected to know something that you do not know)|he had a quizzical expression	adj|marked by or given to doubt|a skeptical attitude	adj|showing curiosity|if someone saw a man climbing a light post they might get inquisitive	n|a request for information|
questioningly	adv|in a curious and questioning manner|they turned their heads questioningly, as if awaiting further instructions	adv|in a quizzical and questioning manner|they looked quizzically at the doctor
questionnaire	n|a form containing a set of questions; submitted to people to gain statistical information|
quetch	v|express complaints, discontent, displeasure, or unhappiness|My mother complains all day
quetzal	n|the basic unit of money in Guatemala; equal to 100 centavos|	n|large trogon of Central America and South America having golden-green and scarlet plumage|
quetzal bird	n|large trogon of Central America and South America having golden-green and scarlet plumage|
quetzalcoatl	n|an Aztec deity represented as a plumed serpent|
queue	n|a line of people or vehicles waiting for something|	n|(information processing) an ordered list of tasks to be performed or messages to be transmitted|	n|a braid of hair at the back of the head|	v|form a queue, form a line, stand in line|Customers lined up in front of the store
queue up	v|form a queue, form a line, stand in line|Customers lined up in front of the store
quezon city	n|city on Luzon adjoining Manila|
qui vive	n|condition of heightened watchfulness or preparation for action|bombers were put on alert during the crisis
quiaquia	n|small fusiform fish of western Atlantic|
quibble	n|an evasion of the point of an argument by raising irrelevant distinctions or objections|	v|evade the truth of a point or question by raising irrelevant objections|	v|argue over petty things|Let's not quibble over pennies
quibbler	n|a disputant who quibbles; someone who raises annoying petty objections|
quiche	n|a member of the Mayan people of south central Guatemala|	n|a tart filled with rich unsweetened custard; often contains other ingredients (as cheese or ham or seafood or vegetables)|	n|the Mayan language spoken by the Quiche|
quiche lorraine	n|quiche made with cheese and bacon|
quick	adj|accomplished rapidly and without delay|was quick to make friends	adj|hurried and brief|paid a flying visit	adj|moving quickly and lightly|sleek and agile as a gymnast	adj|apprehending and responding with speed and sensitivity|a quick mind
quick assets	n|assets in the form of cash (or easily convertible into cash)|
quick bread	n|breads made with a leavening agent that permits immediate baking|
quick buck	n|quick or easy earnings|they are traders out to make a fast buck
quick fix	n|hurried repair|
quick grass	n|European grass spreading rapidly by creeping rhizomes; naturalized in North America as a weed|
quick march	n|marching at quick time|
quick study	n|someone able to acquire new knowledge and skills rapidly and easily|she soaks up foreign languages like a sponge
quick temper	n|a feeling of resentful anger|
quick time	n|a normal marching pace of 120 steps per minute|
quick-change	adj|adept at changing from one thing to another especially changing costumes|a quick-change artist
quick-drying	adj|of a liquid substance that dries quickly|
quick-eared	adj|having keen hearing|
quick-freeze	v|freeze rapidly so as to preserve the natural juices and flavors|quick-freeze the shrimp
quick-frozen	adj|(used of foods) preserved by freezing sufficiently rapidly to retain flavor and nutritional value|frozen foods
quick-sighted	adj|having very keen vision|quick-sighted as a cat	adj|keenly perceptive or alert|quick-sighted into the faults of the time"- Leonard Bacon
quick-tempered	adj|quickly aroused to anger|a hotheaded commander
quick-witted	adj|mentally nimble and resourceful|quick-witted debater
quick-wittedness	n|intelligence as revealed by an ability to give correct responses without delay|
quicken	v|move faster|The car accelerated	v|make keen or more acute|whet my appetite	v|give life or energy to|The cold water invigorated him	v|show signs of life|the fetus quickened
quickener	n|an agent that gives or restores life or vigor|the soul is the quickener of the body
quickening	n|the process of showing signs of life|the quickening of seed that will become ripe grain	n|the stage of pregnancy at which the mother first feels the movements of the fetus|	n|the act of accelerating; increasing the speed|
quicker	adv|more quickly|
quickest	adv|most quickly|
quickie	n|hurried repair|
quicklime	n|a white crystalline oxide used in the production of calcium hydroxide|
quickly	adv|with speed|he works quickly	adv|with little or no delay|the rescue squad arrived promptly	adv|without taking pains|he looked cursorily through the magazine
quickness	n|skillful performance or ability without difficulty|his quick adeptness was a product of good design	n|intelligence as revealed by an ability to give correct responses without delay|	n|a rate that is rapid|
quicksand	n|a treacherous situation that tends to entrap and destroy|	n|a pit filled with loose wet sand into which objects are sucked down|
quickset	adj|grown from cuttings planted directly in the ground|a quickset hawthorn hedge	n|cuttings of plants set in the ground to grow as hawthorn for hedges or vines|a quickset of a vine planted in a vineyard
quicksilver	adj|liable to sudden unpredictable change|erratic behavior	n|a heavy silvery toxic univalent and bivalent metallic element; the only metal that is liquid at ordinary temperatures|
quickstep	v|perform a quickstep|	n|military march accompanying quick time|	n|a ballroom dance with both quick and slow steps|
quicky	n|hurried repair|
quid	n|the basic unit of money in Great Britain and Northern Ireland; equal to 100 pence|	n|something for something; that which a party receives (or is promised) in return for something he does or gives or promises|	n|a wad of something chewable as tobacco|
quid pro quo	n|something for something; that which a party receives (or is promised) in return for something he does or gives or promises|
quiddity	n|an evasion of the point of an argument by raising irrelevant distinctions or objections|	n|the essence that makes something the kind of thing it is and makes it different from any other|
quidnunc	n|a person who meddles in the affairs of others|
quiesce	v|become quiet or quieter|The audience fell silent when the speaker entered
quiescence	n|a state of quiet (but possibly temporary) inaction|the volcano erupted after centuries of dormancy	n|quiet and inactive restfulness|
quiescency	n|a state of quiet (but possibly temporary) inaction|the volcano erupted after centuries of dormancy	n|quiet and inactive restfulness|
quiescent	adj|not active or activated|the quiescent level of centimeter wave-length solar radiation	adj|marked by a state of tranquil repose|the quiescent melancholy of the town	adj|being quiet or still or inactive|	adj|(pathology) causing no symptoms|a quiescent tumor
quiet	adj|characterized by an absence or near absence of agitation or activity|a quiet life	adj|free of noise or uproar; or making little if any sound|a quiet audience at the concert	adj|not showy or obtrusive|clothes in quiet good taste	adj|in a softened tone|hushed voices
quiet down	v|become quiet or quieter|The audience fell silent when the speaker entered
quieten	v|become quiet or quieter|The audience fell silent when the speaker entered	v|make calm or still|quiet the dragons of worry and fear	v|cause to be quiet or not talk|Please silence the children in the church!
quietism	n|a form of religious mysticism requiring withdrawal from all human effort and passive contemplation of God|
quietist	n|a religious mystic who follows quietism|
quietly	adv|with low volume|speak softly but carry a big stick	adv|with little or no sound|the class was listening quietly and intently	adv|with little or no activity or no agitation (`quiet' is a nonstandard variant for `quietly')|her hands rested quietly in her lap	adv|in a restful manner|the streets are restfully sunny and still for the town is at mass
quietness	n|the property of making no sound|	n|a state of peace and quiet|
quietude	n|a state of peace and quiet|
quietus	n|euphemisms for death (based on an analogy between lying in a bed and in a tomb)|she was laid to rest beside her husband
quiff	n|a prominent forelock (especially one brushed upward from the forehead)|
quill	n|pen made from a bird's feather|	n|a stiff hollow protective spine on a porcupine or hedgehog|	n|any of the larger wing or tail feathers of a bird|	n|the hollow spine of a feather|
quill feather	n|any of the larger wing or tail feathers of a bird|
quill pen	n|pen made from a bird's feather|
quillwort	n|any of several spore-bearing aquatic or marsh plants having short rhizomes and leaves resembling quills; worldwide except Polynesia|
quillwort family	n|quillworts; coextensive with the genus Isoetes|
quilt	n|bedding made of two layers of cloth filled with stuffing and stitched together|	v|stitch or sew together|quilt the skirt	v|create by stitching together|
quilted	adj|made of layers of fabric held together by patterned stitching|
quilted bedspread	n|a bedspread constructed like a thin quilt|
quilting	n|stitching through layers of fabric and a filling so as to create a design|	n|a material used for making a quilt, or a quilted fabric|
quilting bee	n|a gathering to make quilts|
quin	n|one of five children born at the same time from the same pregnancy|
quinacrine	n|a drug (trade name Atabrine) used to treat certain worm infestations and once used to treat malaria|
quinacrine hydrochloride	n|a drug (trade name Atabrine) used to treat certain worm infestations and once used to treat malaria|
quince	n|small Asian tree with pinkish flowers and pear-shaped fruit; widely cultivated|	n|aromatic acid-tasting pear-shaped fruit used in preserves|
quince bush	n|small Asian tree with pinkish flowers and pear-shaped fruit; widely cultivated|
quincentenary	adj|of or relating to a 500th anniversary|the quincentennial celebration of the founding of the city	n|the 500th anniversary (or the celebration of it)|
quincentennial	adj|of or relating to a 500th anniversary|the quincentennial celebration of the founding of the city	n|the 500th anniversary (or the celebration of it)|
quincke's edema	n|recurrent large circumscribed areas of subcutaneous edema; onset is sudden and it disappears within 24 hours; seen mainly in young women, often as an allergic reaction to food or drugs|
quinidex	n|cardiac drug (trade names Quinidex and Quinora) used to treat certain heart arrhythmias|
quinidine	n|cardiac drug (trade names Quinidex and Quinora) used to treat certain heart arrhythmias|
quinine	n|a bitter alkaloid extracted from chinchona bark; used in malaria therapy|
quinine water	n|lime- or lemon-flavored carbonated water containing quinine|
quinnat salmon	n|large Pacific salmon valued as food; adults die after spawning|
quinone	n|any of a class of aromatic yellow compounds including several that are biologically important as coenzymes or acceptors or vitamins; used in making dyes|
quinora	n|cardiac drug (trade names Quinidex and Quinora) used to treat certain heart arrhythmias|
quinquagesima	n|the Sunday before Ash Wednesday (the beginning of Lent)|
quinquagesima sunday	n|the Sunday before Ash Wednesday (the beginning of Lent)|
quinquefoliate	adj|(of a leaf shape) having five leaflets|
quinquefoliate leaf	n|a compound leaf having five leaflets|
quinquennium	n|a period of five years|
quinsy	n|a painful pus filled inflammation of the tonsils and surrounding tissues; usually a complication of tonsillitis|
quint	n|the cardinal number that is the sum of four and one|	n|one of five children born at the same time from the same pregnancy|
quintal	n|a unit of weight equal to 100 kilograms|
quintana roo	n|a Mexican state on the eastern side of the Yucatan Peninsula|
quintessence	n|the fifth and highest element after air and earth and fire and water; was believed to be the substance composing all heavenly bodies|	n|the purest and most concentrated essence of something|	n|the most typical example or representative of a type|
quintessential	adj|representing the perfect example of a class or quality|
quintet	n|a musical composition for five performers|	n|the cardinal number that is the sum of four and one|	n|five performers or singers who perform together|	n|a set of five similar things considered as a unit|
quintette	n|five performers or singers who perform together|	n|a set of five similar things considered as a unit|	n|five people considered as a unit|	n|a musical composition for five performers|
quintillion	n|the number that is represented as a one followed by 18 zeros|
quintillionth	adj|the ordinal number of one quintillion in counting order|	n|one part in a quintillion equal parts|
quintipara	n|(obstetrics) woman who has given birth to a viable infant in each of five pregnancies|
quintuple	adj|having five units or components|	n|a set of five similar things considered as a unit|	v|increase fivefold|The population of China quintupled
quintuplet	n|the cardinal number that is the sum of four and one|	n|one of five children born at the same time from the same pregnancy|	n|a set of five similar things considered as a unit|
quintupling	n|increasing by a factor of five|
quintus septimius florens tertullianus	n|Carthaginian theologian whose writing influenced early Christian theology (160-230)|
quip	v|make jokes or quips|The students were gagging during dinner	n|a witty saying|	n|witty remark|
quipu	n|calculator consisting of a cord with attached cords; used by ancient Peruvians for calculating and keeping records|
quira	n|hard heavy red wood of a quira tree|
quire	n|a quantity of paper; 24 or 25 sheets|
quirk	n|a strange attitude or habit|	n|a narrow groove beside a beading|	v|twist or curve abruptly|She quirked her head in a peculiar way
quirk bead	n|beading formed with a narrow groove separating it from the surface it decorates|
quirk molding	n|a molding having a small groove in it|
quirk moulding	n|a molding having a small groove in it|
quirkiness	n|a strange attitude or habit|
quirky	adj|(informal) strikingly unconventional|
quirt	n|whip with a leather thong at the end|
quiscalus	n|grackles|
quisling	n|someone who collaborates with an enemy occupying force|
quislingism	n|act of cooperating traitorously with an enemy that is occupying your country|
quit	v|put an end to a state or an activity|Quit teasing your little brother	v|give up or retire from a position|The Secretary of the Navy will leave office next month	v|go away or leave|	v|turn away from; give up|I am foreswearing women forever
quitclaim	n|document transferring title or right or claim to another|	n|act of transferring a title or right or claim to another|
quitclaim deed	n|document transferring title or right or claim to another|
quite	adv|to a degree (not used with a negative)|quite tasty	adv|to the greatest extent; completely|you're quite right	adv|of an unusually noticeable or exceptional or remarkable kind (not used with a negative)|her victory was quite something	adv|actually or truly or to an extreme|was quite a sudden change
quite a	adv|of an unusually noticeable or exceptional or remarkable kind (not used with a negative)|her victory was quite something
quite a little	n|(often followed by `of') a large number or amount or extent|a batch of letters
quite an	adv|of an unusually noticeable or exceptional or remarkable kind (not used with a negative)|her victory was quite something
quito	n|the capital of Ecuador|
quits	adj|on equal terms by payment or requital|we're now quits
quittance	n|a document or receipt certifying release from an obligation or debt|	n|payment of a debt or obligation|
quitter	n|a person who gives up too easily|
quiver	v|shake with fast, tremulous movements|His nostrils palpitated	v|move back and forth very rapidly|the candle flickered	v|move with or as if with a regular alternating motion|the city pulsated with music and excitement	n|an almost pleasurable sensation of fright|a frisson of surprise shot through him
quivering	n|a shaky motion|the shaking of his fingers as he lit his pipe	n|the act of vibrating|
quixotic	adj|not sensible about practical matters; idealistic and unrealistic|as quixotic as a restoration of medieval knighthood
quixotically	adv|in a quixotic manner|sent to jail for two years, he has quixotically refused to clear himself by betraying his colleagues
quixotism	n|quixotic (romantic and impractical) behavior|
quiz	n|an examination consisting of a few short questions|	v|examine someone's knowledge of something|The teacher tests us every week
quiz program	n|a game show in which contestants answer questions|
quizmaster	n|the host or chairman of a radio or tv quiz show or panel game|
quizzer	n|someone who administers a test to determine your qualifications|
quizzical	adj|playfully vexing (especially by ridicule)|his face wore a somewhat quizzical almost impertinent air"- Lawrence Durrell	adj|perplexed (as if being expected to know something that you do not know)|he had a quizzical expression
quizzically	adv|in a quizzical and questioning manner|they looked quizzically at the doctor
qum	n|a city in northwestern Iran; a place of pilgrimage for Shiite Muslims|
quo warranto	n|a hearing to determine by what authority someone has an office or franchise or liberty|
quodlibet	n|an issue that is presented for formal disputation|
quoin	n|expandable metal or wooden wedge used by printers to lock up a form within a chase|	n|the keystone of an arch|	n|(architecture) solid exterior angle of a building; especially one formed by a cornerstone|
quoit	n|game equipment consisting of a ring of iron or circle of rope used in playing the game of quoits|
quoits	n|a game in which iron rings (or open iron rings) are thrown at a stake in the ground in the hope of encircling it|
quondam	adj|belonging to some prior time|erstwhile friend
quonset hut	n|a prefabricated hut of corrugated iron having a semicircular cross section|
quoratean	n|a group of languages of the Hokan family|
quorum	n|a gathering of the minimal number of members of an organization to conduct business|
quota	n|a prescribed number|all the salesmen met their quota for the month	n|a proportional share assigned to each participant|	n|a limitation on imports|the quota for Japanese imports was negotiated
quotability	n|the quality of being worthy of being quoted|
quotable	adj|able or fit to be repeated or quoted|what he said was not repeatable in polite company	adj|suitable for or worthy of quotation|a quotable slogan
quotation	n|a short note recognizing a source of information or of a quoted passage|the student's essay failed to list several important citations	n|a passage or expression that is quoted or cited|	n|a statement of the current market price of a security or commodity|	n|the practice of quoting from books or plays etc.|since he lacks originality he must rely on quotation
quotation mark	n|a punctuation mark used to attribute the enclosed text to someone else|
quote	v|repeat a passage from|He quoted the Bible to her	v|name the price of|quote prices for cars	v|refer to for illustration or proof|He said he could quote several instances of this behavior	v|put quote marks around|Here the author is quoting his colleague
quoter	n|a communicator (speaker or writer) who uses quotations|
quotidian	adj|found in the ordinary course of events|a placid everyday scene
quotient	n|the ratio of two quantities to be divided|	n|the number obtained by division|
quotient verdict	n|an improper and unacceptable kind of compromise verdict|
quran	n|the sacred writings of Islam revealed by God to the prophet Muhammad during his life at Mecca and Medina|
qurush	n|20 qurush equal 1 riyal in Saudi Arabia|
qwerty keyboard	n|the standard typewriter keyboard; the keys for Q, W, E, R, T, and Y are the first six from the left on the top row of letter keys|
