x	adj|being one more than nine|	n|the cardinal number that is the sum of nine and one; the base of the decimal system|	n|the 24th letter of the Roman alphabet|	n|street names for methylenedioxymethamphetamine|
x chromosome	n|the sex chromosome that is present in both sexes: singly in males and doubly in females|human females normally have two X chromosomes
x ray	n|electromagnetic radiation of short wavelength produced when high-speed electrons strike a solid target|	n|a radiogram made by exposing photographic film to X rays; used in medical diagnosis|
x-axis	n|the horizontal axis in a plane coordinate system|
x-linked	adj|relating to genes or characteristics or conditions carried on the X chromosome|an X-linked mutation
x-linked dominant inheritance	n|hereditary pattern in which a dominant gene on the X chromosome causes a characteristic to be manifested in the offspring|
x-linked gene	n|a gene located on an X chromosome|
x-linked recessive inheritance	n|hereditary pattern in which a recessive gene on the X chromosome results in the manifestation of characteristics in male offspring and a carrier state in female offspring|
x-linked scid	n|SCID in male children resulting from mutation of a gene that codes for a protein on the surface of T cells that allows them to develop a growth factor receptor|
x-or circuit	n|gate for exclusive OR; a circuit in a computer that fires only if only one of its inputs fire|
x-radiation	n|electromagnetic radiation of short wavelength produced when high-speed electrons strike a solid target|	n|obtaining images by the use of X rays|
x-ray	n|electromagnetic radiation of short wavelength produced when high-speed electrons strike a solid target|	n|a radiogram made by exposing photographic film to X rays; used in medical diagnosis|	v|examine by taking x-rays|	v|take an x-ray of something or somebody|The doctor x-rayed my chest
x-ray diffraction	n|the scattering of X rays by the atoms of a crystal; the diffraction pattern shows structure of the crystal|
x-ray film	n|photographic film used to make X-ray pictures|
x-ray machine	n|an apparatus that provides a source of X rays|
x-ray photograph	n|a radiogram made by exposing photographic film to X rays; used in medical diagnosis|
x-ray photography	n|radiography that uses X-rays to produce a roentgenogram|
x-ray picture	n|a radiogram made by exposing photographic film to X rays; used in medical diagnosis|
x-ray therapy	n|the therapeutic use of X rays|
x-ray tube	n|a vacuum tube containing a metal target onto which a beam of electrons is directed at high energy for the generation of X rays|
x-raying	n|obtaining images by the use of X rays|
x-scid	n|SCID in male children resulting from mutation of a gene that codes for a protein on the surface of T cells that allows them to develop a growth factor receptor|
xanax	n|an antianxiety agent (trade name Xanax) of the benzodiazepine class|
xanthate	n|a salt or ester of xanthic acid|
xanthelasma	n|xanthoma of the eyelids; occurs chiefly in the elderly|
xanthemia	n|excess carotene in the blood stream; can cause the skin to turn a pale yellow or red color|
xanthic acid	n|any of a class of unstable organic acids containing sulphur|
xanthine	n|crystalline oxidation product of the metabolism of nucleoproteins; precursor of uric acid; found in many organs and in urine|
xanthium	n|coarse herbs having small heads of greenish flowers followed by burrs with hooked bristles|
xanthoma	n|a skin problem marked by the development (on the eyelids and neck and back) of irregular yellow nodules; sometimes attributable to disturbances of cholesterol metabolism|
xanthoma disseminatum	n|rare chronic xanthoma of adults in which orange or brownish papules develop on many surfaces of the body|
xanthoma multiplex	n|widespread xanthomas (especially on elbows and knees); often associated with a disorder of lipid metabolism|
xanthomatosis	n|widespread xanthomas (especially on elbows and knees); often associated with a disorder of lipid metabolism|
xanthomonad	n|bacteria producing yellow non-water-soluble pigments; some pathogenic for plants|
xanthomonas	n|a genus of bacteria similar to Pseudomonas but producing a yellow pigment that is not soluble in water|
xanthophyceae	n|yellow-green algae|
xanthophyl	n|yellow carotenoid pigments in plants and animal fats and egg yolks|
xanthophyll	n|yellow carotenoid pigments in plants and animal fats and egg yolks|
xanthopsia	n|visual defect in which objects appear to have a yellowish hue; sometimes occurs in cases of jaundice|
xanthorrhoeaceae	n|one of many subfamilies into which some classification systems subdivide the Liliaceae but not widely accepted|
xanthorroea	n|grass trees; sometimes placed in family Xanthorrhoeaceae|
xanthosis	n|an abnormal yellow discoloration of the skin|
xanthous	adj|of the color intermediate between green and orange in the color spectrum; of something resembling the color of an egg yolk|
xantusiidae	n|night lizards|
xavier	n|Spanish missionary and Jesuit who establish missionaries in Japan and Ceylon and the East Indies (1506-1552)|
xc	adj|being ten more than eighty|	n|the cardinal number that is the product of ten and nine|
xci	adj|being one more than ninety|
xcii	adj|being two more than ninety|
xciii	adj|being three more than ninety|
xciv	adj|being four more than ninety|
xcl	adj|being ten more than one hundred eighty|
xcv	adj|being five more than ninety|
xcvi	adj|being six more than ninety|
xcvii	adj|being seven more than ninety|
xcviii	adj|being eight more than ninety|
xe	n|a colorless odorless inert gaseous element occurring in the earth's atmosphere in trace amounts|
xenicidae	n|alternative names for the family comprising the New Zealand wrens|
xenicus	n|type genus for the Xenicidae|
xenicus gilviventris	n|short-tailed bird resembling a wren|
xenogeneic	adj|denoting or relating to cells or tissues from individuals belonging to different species|
xenogenesis	n|the alternation of two or more different forms in the life cycle of a plant or animal|
xenograft	n|tissue from an animal of one species used as a temporary graft (as in cases of severe burns) on an individual of another species|
xenolith	n|(geology) a piece of rock of different origin from the igneous rock in which it is embedded|
xenon	n|a colorless odorless inert gaseous element occurring in the earth's atmosphere in trace amounts|
xenophanes	n|Greek philosopher (560-478 BC)|
xenophobia	n|a fear of foreigners or strangers|
xenophobic	adj|suffering from xenophobia; having abnormal fear or hatred of the strange or foreign|
xenophon	n|Greek general and historian; student of Socrates (430-355 BC)|
xenopodidae	n|in some classifications the family of the genus Xenopus which is otherwise included in the family Pipidae|
xenopus	n|an African clawed frog; in some classifications made the type genus of a separate family Xenopodidae|
xenorhyncus	n|East Indian and Australian storks|
xenorhyncus asiaticus	n|large mostly white Australian stork|
xenosauridae	n|monotypic family of Mexican lizards|
xenosaurus	n|type and sole genus of Xenosauridae: slender-bodied Mexican lizards having the upper surface covered with tiny granules and tubercles|
xenotime	n|a brown-to-yellow mineral that is a phosphate of yttrium in crystalline form|
xenotransplant	n|a surgical procedure in which tissue or whole organs are transfered from one species to another species|
xenotransplantation	n|a surgical procedure in which tissue or whole organs are transfered from one species to another species|
xeranthemum	n|any plant of the genus Xeranthemum native to southern Europe having chaffy or silvery flower heads with purplish tubular flowers|
xeranthemum annuum	n|mostly widely cultivated species of everlasting flowers having usually purple flowers; southern Europe to Iran; naturalized elsewhere|
xeric	adj|being deficient in moisture|deserts provide xeric environments
xerobates	n|possible new genus for desert and Texas tortoises based on recent research|
xeroderma	n|a mild form of ichthyosis characterized by abnormal dryness and roughness of the skin|
xeroderma pigmentosum	n|a rare genetic condition characterized by an eruption of exposed skin occurring in childhood and photosensitivity with severe sunburn; inherited as a recessive autosomal trait in which DNA repair processes are defective so they are more likely to chromosome breaks and cancers when exposed to ultraviolet light|
xerodermia	n|a mild form of ichthyosis characterized by abnormal dryness and roughness of the skin|
xerographic	adj|of or relating to xerography|
xerographic copier	n|a duplicator (trade mark Xerox) that copies graphic matter by the action of light on an electrically charged photoconductive insulating surface in which the latent image is developed with a resinous powder|
xerographic printer	n|a page printer that uses the xerographic process|
xerography	n|forming an image by the action of light on a specially coated charged plate; the latent image is developed with powders that adhere only to electrically charged areas|edge enhancement is intrinsic in xerography
xeroma	n|abnormal dryness of the conjunctiva and cornea of the eyes; may be due to a systemic deficiency of vitamin A|
xerophile	n|plant adapted for life with a limited supply of water; compare hydrophyte and mesophyte|
xerophilous plant	n|plant adapted for life with a limited supply of water; compare hydrophyte and mesophyte|
xerophthalmia	n|abnormal dryness of the conjunctiva and cornea of the eyes; may be due to a systemic deficiency of vitamin A|
xerophthalmus	n|abnormal dryness of the conjunctiva and cornea of the eyes; may be due to a systemic deficiency of vitamin A|
xerophyllum tenax	n|plant of western North America having woody rhizomes and tufts of stiff grasslike basal leaves and spikes of creamy white flowers|
xerophyte	n|plant adapted for life with a limited supply of water; compare hydrophyte and mesophyte|
xerophytic	adj|adapted to a xeric (or dry) environment|cacti are xerophytic plants
xerophytic plant	n|plant adapted for life with a limited supply of water; compare hydrophyte and mesophyte|
xeroradiography	n|radiography using X-rays and xerographic (rather than roentgenographic) techniques|
xerostomia	n|abnormal dryness of the mouth resulting from decreased secretion of saliva|
xerotes	n|the condition of not containing or being covered by a liquid (especially water)|
xerox	n|a copy made by a xerographic copier|	n|a duplicator (trade mark Xerox) that copies graphic matter by the action of light on an electrically charged photoconductive insulating surface in which the latent image is developed with a resinous powder|	v|reproduce by xerography|
xerox copy	n|a copy made by a xerographic copier|
xerox machine	n|a duplicator (trade mark Xerox) that copies graphic matter by the action of light on an electrically charged photoconductive insulating surface in which the latent image is developed with a resinous powder|
xerxes i	n|king of Persia who led a vast army against Greece and won the battle of Thermopylae but was eventually defeated (519-465 BC)|
xerxes the great	n|king of Persia who led a vast army against Greece and won the battle of Thermopylae but was eventually defeated (519-465 BC)|
xestobium rufovillosum	n|bores through wood making a ticking sound popularly thought to presage death|
xhosa	n|a member of the Negroid people of southern South Africa|	n|a community of Negroid people in southern South Africa|	n|a Bantu language closely related to Zulu|
xi	adj|being one more than ten|	n|the cardinal number that is the sum of ten and one|	n|the 14th letter of the Greek alphabet|
xian	n|a city of central China; capital of ancient Chinese empire 221-206 BC|
xii	adj|denoting a quantity consisting of 12 items or units|	n|the cardinal number that is the sum of eleven and one|
xiii	adj|being one more than twelve|	n|the cardinal number that is the sum of twelve and one|
xinjiang	n|an autonomous province in far northwestern China on the border with Mongolia and Kazakhstan; the largest province in the People's Republic of China and the homeland of the Uighur people|
xinjiang uighur autonomous region	n|an autonomous province in far northwestern China on the border with Mongolia and Kazakhstan; the largest province in the People's Republic of China and the homeland of the Uighur people|
xiphias	n|type genus of the Xiphiidae|
xiphias gladius	n|large toothless marine food fish with a long swordlike upper jaw; not completely cold-blooded i.e. they are able to warm their brains and eyes: worldwide in warm waters but feed on cold ocean floor coming to surface at night|
xiphiidae	n|comprising the common swordfishes|
xiphium iris	n|bulbous iris of western Mediterranean region having usually violet-purple flowers|
xiphoid process	n|smallest of the three parts of the breastbone; articulates with the corpus sternum and the seventh rib|
xiphosura	n|horseshoe crabs and extinct forms|
xiphosurus polyphemus	n|large marine arthropod of the Atlantic coast of North America having a domed carapace that is shaped like a horseshoe and a stiff pointed tail; a living fossil related to the wood louse|
xishuangbanna dai	n|a branch of the Tai languages|
xiv	adj|being one more than thirteen|	n|the cardinal number that is the sum of thirteen and one|
xix	adj|being one more than eighteen|	n|the cardinal number that is the sum of eighteen and one|
xizang	n|an autonomous region of the Peoples Republic of China; located in the Himalayas|
xl	adj|being ten more than thirty|	n|the cardinal number that is the product of ten and four|
xli	adj|being one more than forty|
xlii	adj|being two more than forty|
xliii	adj|being three more than forty|
xliv	adj|being four more than forty|
xlv	adj|being five more than forty|
xlvi	adj|being six more than forty|
xlvii	adj|being seven more than forty|
xlviii	adj|being eight more than forty|
xmas	n|a Christian holiday celebrating the birth of Christ; a quarter day in England, Wales, and Ireland|
xor circuit	n|gate for exclusive OR; a circuit in a computer that fires only if only one of its inputs fire|
xor gate	n|gate for exclusive OR; a circuit in a computer that fires only if only one of its inputs fire|
xt	n|the presence of an unwanted signal via an accidental coupling|
xtc	n|street names for methylenedioxymethamphetamine|
xv	adj|being one more than fourteen|	n|the cardinal number that is the sum of fourteen and one|
xvi	adj|being one more than fifteen|	n|the cardinal number that is the sum of fifteen and one|
xvii	adj|being one more than sixteen|	n|the cardinal number that is the sum of sixteen and one|
xviii	adj|being one more than seventeen|	n|the cardinal number that is the sum of seventeen and one|
xx	adj|denoting a quantity consisting of 20 items or units|	n|the cardinal number that is the sum of nineteen and one|	n|(genetics) normal complement of sex chromosomes in a female|
xxi	adj|being one more than twenty|	n|the cardinal number that is the sum of twenty and one|
xxii	adj|being two more than twenty|	n|the cardinal number that is the sum of twenty-one and one|
xxiii	adj|being three more than twenty|	n|the cardinal number that is the sum of twenty-two and one|
xxiv	adj|being four more than twenty|	n|the cardinal number that is the sum of twenty-three and one|
xxix	adj|being nine more than twenty|	n|the cardinal number that is the sum of twenty-eight and one|
xxv	adj|being five more than twenty|	n|the cardinal number that is the sum of twenty-four and one|
xxvi	adj|being six more than twenty|	n|the cardinal number that is the sum of twenty-five and one|
xxvii	adj|being seven more than twenty|	n|the cardinal number that is the sum of twenty-six and one|
xxviii	adj|being eight more than twenty|	n|the cardinal number that is the sum of twenty-seven and one|
xxx	adj|being ten more than twenty|	n|the cardinal number that is the product of ten and three|	n|(genetics) abnormal complement of three X chromosomes in a female|
xxxi	adj|being one more than thirty|
xxxii	adj|being two more than thirty|
xxxiii	adj|being three more than thirty|
xxxiv	adj|being four more than thirty|
xxxv	adj|being five more than thirty|
xxxvi	adj|being six more than thirty|
xxxvii	adj|being seven more than thirty|
xxxviii	adj|being eight more than thirty|
xxy	n|(genetics) abnormal complement of sex hormones in a male resulting in Klinefelter's syndrome|
xxy-syndrome	n|syndrome in males that is characterized by small testes and long legs and enlarged breasts and reduced sperm production and mental retardation; a genetic defect in which an extra X chromosome (XXY) is present in the male|
xy	n|(genetics) normal complement of sex hormones in a male|
xylaria	n|type genus of Xylariaceae; fungi with perithecia in the upper part of erect black woody stromata|
xylaria mali	n|fungus causing black root rot in apples|
xylaria polymorpha	n|the fruiting bodies of the fungi of the genus Xylaria|
xylariaceae	n|family of fungi characterized by dark brown to black spores|
xylem	n|the woody part of plants: the supporting and water-conducting tissue, consisting primarily of tracheids and vessels|
xylene	n|a colorless flammable volatile liquid hydrocarbon used as a solvent|
xylocaine	n|a local anesthetic (trade names Lidocaine and Xylocaine) used topically on the skin and mucous membranes|
xylocopa	n|carpenter bees|
xylol	n|a colorless flammable volatile liquid hydrocarbon used as a solvent|
xylomelum	n|small species of Australian trees or shrubs; grown for their fruit and flowers|
xylomelum pyriforme	n|tree bearing pear-shaped fruit with a thick woody epicarp|
xylophone	n|a percussion instrument with wooden bars tuned to produce a chromatic scale and with resonators; played with small mallets|
xylophonist	n|someone who plays a xylophone|
xylopia	n|tropical evergreen trees or shrubs; chiefly African|
xylopia aethiopica	n|tropical west African evergreen tree bearing pungent aromatic seeds used as a condiment and in folk medicine|
xylose	n|a sugar extracted from wood or straw; used in foods for diabetics|
xylosma	n|shrub or small tree grown as an ornamental in mild climates for its neat evergreen foliage and fragrant late flowers; native of China|
xylosma congestum	n|shrub or small tree grown as an ornamental in mild climates for its neat evergreen foliage and fragrant late flowers; native of China|
xyphophorus	n|swordtails|
xyphophorus helleri	n|freshwater fish of Central America having a long swordlike tail; popular aquarium fish|
xyridaceae	n|plants of tropical to temperate regions; usually in wet places|
xyridales	n|an order of monocotyledonous herbs|
xyris operculata	n|of Australia|
xyy	n|(genetics) abnormal complement of sex hormones in a male who has two Y chromosomes|
