y	n|a silvery metallic element that is common in rare-earth minerals; used in magnesium and aluminum alloys|	n|the 25th letter of the Roman alphabet|
y chromosome	n|the sex chromosome that is carried by men|human males normally have one X chromosome and one Y chromosome
y-axis	n|the vertical axis in a plane coordinate system|
y-linked gene	n|a gene located on a Y chromosome|
y-shaped	adj|shaped in the form of the letter Y|
y2k	n|the year 2000 in the Gregorian calendar|
y2k compliant	adj|prepared to accurately process date and time data between and into the 20th and 21st centuries|
yacca	n|West Indian evergreen with medium to long leaves|
yacca podocarp	n|West Indian evergreen with medium to long leaves|
yacht	n|an expensive vessel propelled by sail or power and used for cruising or racing|	v|travel in a yacht|
yacht chair	n|a light folding armchair for outdoor use|
yacht club	n|club that promotes and supports yachting and boating|
yacht race	n|a race between crews of people in yachts|
yachting	n|water travel for pleasure|
yachting cap	n|a cap with a flat circular top and a visor|
yachtsman	n|a person who owns or sails a yacht|
yachtswoman	n|a person who owns or sails a yacht|
yack	n|noisy talk|	v|talk incessantly and tiresomely|
yack away	v|talk incessantly and tiresomely|
yafo	n|a port in western Israel on the Mediterranean; incorporated into Tel Aviv in 1950|
yagi	n|a sharply directional antenna|
yagi aerial	n|a sharply directional antenna|
yahi	n|the Yanan language spoken by the Yahi|
yahoo	n|a person who is not very intelligent or interested in culture|	n|one of a race of brutes resembling men but subject to the Houyhnhnms in a novel by Jonathan Swift|	n|a widely used search engine for the web that finds information, news, images, products, finance|
yahve	n|a name for the God of the Old Testament as transliterated from the Hebrew consonants YHVH|
yahveh	n|a name for the God of the Old Testament as transliterated from the Hebrew consonants YHVH|
yahwe	n|a name for the God of the Old Testament as transliterated from the Hebrew consonants YHVH|
yahweh	n|a name for the God of the Old Testament as transliterated from the Hebrew consonants YHVH|
yajur-veda	n|a collection of sacrificial formulas and prayers|
yak	n|noisy talk|	n|large long-haired wild ox of Tibet often domesticated|	v|talk profusely|she was yakking away about her grandchildren
yak butter	n|butter made from yaks' milk|
yak's milk	n|the milk of a yak|
yakety-yak	n|noisy talk|
yakima	n|a town in south central Washington|
yakut	n|a member of a Turkic people of northeastern Siberia (mainly in the Lena river basin)|	n|the Turkic language spoken by the Yakut|
yakuza	n|a Japanese gangster|	n|organized crime in Japan; an alliance of criminal organizations and illegal enterprises|
yale	n|a university in Connecticut|	n|English philanthropist who made contributions to a college in Connecticut that was renamed in his honor (1649-1721)|
yale university	n|a university in Connecticut|
yalta	n|a resort city in Crimea in the southern Ukraine on the Black Sea; site of the Allied conference between Roosevelt, Stalin, and Churchill in February 1945|
yalta conference	n|a conference held in Yalta in February 1945 where Roosevelt, Stalin, and Churchill planned the final stages of World War II and agreed to the territorial division of Europe|
yaltopya	n|Ethiopia is a republic in northeastern Africa on the Red Sea; formerly called Abyssinia|
yalu	n|river in eastern Asia; rises in North Korea and flows southwest to Korea Bay (forming part of the border between North Korea and China)|
yalu river	n|river in eastern Asia; rises in North Korea and flows southwest to Korea Bay (forming part of the border between North Korea and China)|	n|a battle in the Korean War (November 1950); when UN troops advanced north to the Yalu River 200,000 Chinese troops crossed the river and drove them back|
yam	n|edible tuber of any of several yams|	n|any of a number of tropical vines of the genus Dioscorea many having edible tuberous roots|	n|sweet potato with deep orange flesh that remains moist when baked|	n|edible tuberous root of various yam plants of the genus Dioscorea grown in the tropics world-wide for food|
yam bean	n|twining plant of Amazon basin having large edible roots|
yam family	n|yams|
yam plant	n|any of a number of tropical vines of the genus Dioscorea many having edible tuberous roots|
yama	n|Hindu god of death and lord of the underworld|
yamaltu	n|a three-tone Chadic language|
yamamoto	n|Japanese admiral who planned the attack on Pearl Harbor in 1941 (1884-1943)|
yamani	n|Saudi Arabian minister of petroleum who was a central figure in the creation of OPEC (born in 1930)|
yammer	v|cry loudly, as of animals|The coyotes were howling in the desert	v|complain whiningly|
yamoussukro	n|capital of the Ivory Coast|
yana	n|the Yanan language spoken by the Yana|
yanan	n|a language group of the Hokan family|
yang	n|the bright positive masculine principle in Chinese dualistic cosmology|yin and yang together produce everything that comes into existence
yangon	n|the capital and largest city of Myanmar; located in the south near the Irrawaddy river delta|
yangtze	n|the longest river of Asia; flows eastward from Tibet into the East China Sea near Shanghai|
yangtze kiang	n|the longest river of Asia; flows eastward from Tibet into the East China Sea near Shanghai|
yangtze river	n|the longest river of Asia; flows eastward from Tibet into the East China Sea near Shanghai|
yank	v|pull, or move with a sudden movement|He turned the handle and jerked the door open
yankee corn	n|corn having kernels with a hard outer layer enclosing the soft endosperm|
yanker	n|someone who gives a strong sudden pull|
yanquapin	n|water lily of eastern North America having pale yellow blossoms and edible globular nutlike seeds|
yaounde	n|the capital of Cameroon|
yap	v|bark in a high-pitched tone|the puppies yelped	n|informal terms for the mouth|
yap away	v|talk incessantly and tiresomely|
yard	n|a unit of length equal to 3 feet; defined as 91.44 centimeters; originally taken to be the average length of a stride|	n|the enclosed land around a house or other building|it was a small house with almost no yard	n|a tract of land enclosed for particular activities (sometimes paved and usually associated with buildings)|they opened a repair yard on the edge of town	n|the cardinal number that is the product of 10 and 100|
yard bird	n|a military recruit who is assigned menial tasks|	n|a person serving a sentence in a jail or prison|
yard donkey	n|a winch (or system of winches) powered by an engine and used to haul logs from a stump to a landing or to a skid road|
yard goods	n|merchandise in the form of fabrics sold by the yard|
yard grass	n|coarse annual grass having fingerlike spikes of flowers; native to Old World tropics; a naturalized weed elsewhere|
yard line	n|in football; line parallel to the goal lines indicating position on the field|
yard marker	n|(football) a marker indicating the yard line|
yard measure	n|a ruler or tape that is three feet long|
yard sale	n|an outdoor sale of used personal or household items held on the seller's premises|
yardage	n|distance measured in the aggregate number of yards|what is the yardage of this golf course?
yardarm	n|either end of the yard of a square-rigged ship|
yardbird	n|a military recruit who is assigned menial tasks|	n|a person serving a sentence in a jail or prison|
yarder	n|(used only in combinations) the height or length of something in yards|the golfer hit a 300-yarder to the green	n|a winch (or system of winches) powered by an engine and used to haul logs from a stump to a landing or to a skid road|
yardgrass	n|coarse annual grass having fingerlike spikes of flowers; native to Old World tropics; a naturalized weed elsewhere|
yardie	n|member of an international gang of Jamaican criminals who sell drugs and violence|A much publicized raid on a yardie stronghold had first been simulated at Riot City
yardman	n|worker in a railway yard|	n|a laborer hired to do outdoor work (such as mowing lawns)|
yardmaster	n|a railroad employer who is in charge of a railway yard|
yardstick	n|a measure or standard used for comparison|on what kind of yardstick is he basing his judgment?	n|a ruler or tape that is three feet long|
yarmelke	n|a skullcap worn by religious Jews (especially at prayer)|
yarmulka	n|a skullcap worn by religious Jews (especially at prayer)|
yarmulke	n|a skullcap worn by religious Jews (especially at prayer)|
yarn	n|the act of giving an account describing incidents or a course of events|his narration was hesitant	n|a fine cord of twisted fibers (of cotton or silk or wool or nylon etc.) used in sewing and weaving|	v|tell or spin a yarn|
yarn-dye	v|dye (fabric) before it is spun|
yarn-spinning	adj|inclined to tell long and involved stories (often of incredible happenings)|
yarrow	n|ubiquitous strong-scented mat-forming Eurasian herb of wasteland, hedgerow or pasture having narrow serrate leaves and small usually white florets; widely naturalized in North America|
yashmac	n|the face veil worn by Muslim women|
yashmak	n|the face veil worn by Muslim women|
yasser arafat	n|Palestinian statesman who was chairman of the Palestine Liberation Organization (1929-2004)|
yataghan	n|a long Turkish knife with a curved blade having a single edge|
yatobyo	n|a highly infectious disease of rodents (especially rabbits and squirrels) and sometimes transmitted to humans by ticks or flies or by handling infected animals|
yaup	v|emit long loud cries|wail in self-pity
yaupon holly	n|an evergreen shrub|
yavapai	n|the Yuman language spoken by the Yavapai|
yaw	n|an erratic deflection from an intended course|	v|be wide open|the deep gaping canyon	v|deviate erratically from a set course|the yawing motion of the ship	v|swerve off course momentarily|the ship yawed when the huge waves hit it
yawl	n|a ship's small boat (usually rowed by 4 or 6 oars)|	n|a sailing vessel with two masts; a small mizzen is aft of the rudderpost|	v|emit long loud cries|wail in self-pity
yawn	n|an involuntary intake of breath through a wide open mouth; usually triggered by fatigue or boredom|he could not suppress a yawn	v|utter a yawn, as from lack of oxygen or when one is tired|The child yawned during the long performance	v|be wide open|the deep gaping canyon
yawner	n|a person who yawns|
yawning	adj|gaping open as if threatening to engulf someone or something|the yawning mine shaft	adj|with the mouth wide open indicating boredom or sleepiness|a yawning congregation	adj|showing lack of attention or boredom|the yawning congregation	n|an involuntary intake of breath through a wide open mouth; usually triggered by fatigue or boredom|he could not suppress a yawn
yawp	v|make a raucous noise|	v|complain whiningly|
yaws	n|an infectious tropical disease resembling syphilis in its early stages; marked by red skin eruptions and ulcerating lesions|
yay	n|a branch of the Tai languages|
yazoo	n|a river that rises in west central Mississippi and flows southwest to empty into the Mississippi River above Vicksburg|
yazoo river	n|a river that rises in west central Mississippi and flows southwest to empty into the Mississippi River above Vicksburg|
yb	n|a soft silvery metallic element; a rare earth of the lanthanide series; it occurs in gadolinite and monazite and xenotime|	n|a unit of information equal to 1000 zettabits or 10^24 bits|	n|a unit of information equal to 1000 zettabytes or 10^24 bytes|	n|a unit of information equal to 1024 zebibytes or 2^80 bytes|
ybit	n|a unit of information equal to 1000 zettabits or 10^24 bits|
yea	adv|not only so, but|I therein do rejoice, yea, and will rejoice	n|an affirmative|The yeas have it
yeah	adv|not only so, but|I therein do rejoice, yea, and will rejoice
year	n|a period of time containing 365 (or 366) days|she is 4 years old	n|a period of time occupying a regular part of a calendar year that is used for some particular activity|a school year	n|the period of time that it takes for a planet (as, e.g., Earth or Mars) to make a complete revolution around the sun|a Martian year takes 687 of our days	n|a body of students who graduate together|the class of '97
year dot	n|as long ago as anyone can remember|he has been a conductor since the year dot
year of grace	n|any year of the Christian era|
year-around	adj|operating or continuing throughout the year|a year-round resort
year-end	n|the end of a calendar year|he had to unload the merchandise before the year-end	adj|taking place at the close of a fiscal year|year-end audit
year-round	adj|operating or continuing throughout the year|a year-round resort
yearbook	n|a book published annually by the graduating class of a high school or college usually containing photographs of faculty and graduating students|	n|a reference book that is published regularly once every year|
yearling	n|a young child|	n|a racehorse considered one year old until the second Jan. 1 following its birth|	n|an animal in its second year|
yearlong	adj|lasting through a year|attending yearlong courses
yearly	adj|occurring or payable every year|an annual trip to Paris	adv|without missing a year|they travel to China annually	n|a reference book that is published regularly once every year|
yearn	v|desire strongly or persistently|	v|have a desire for something or someone who is not present|She ached for a cigarette	v|have affection for; feel tenderness for|
yearned-for	adj|greatly desired|
yearner	n|a person with a strong desire for something|a longer for money
yearning	n|prolonged unfulfilled desire or need|
yearningly	adv|in a yearning manner|he spent the rest of the act gazing longingly over my right shoulder at the illuminated word `Exit'
years	n|a late time of life|old age is not for sissies	n|a prolonged period of time|we've known each other for ages	n|the time during which someone's life continues|the monarch's last days
yeast	n|a commercial leavening agent containing yeast cells; used to raise the dough in making bread and for fermenting beer or whiskey|	n|any of various single-celled fungi that reproduce asexually by budding or division|
yeast cake	n|small cake of compressed moist yeast|
yeastlike	adj|of or resembling or containing yeast|
yeasty	adj|of or resembling or containing yeast|	adj|marked by spirited enjoyment|	adj|exuberantly creative|
yeats	n|Irish poet and dramatist (1865-1939)|
yeatsian	adj|in the manner of William Butler Yeats|
yeddo	n|the capital and largest city of Japan; the economic and cultural center of Japan|
yedo	n|the capital and largest city of Japan; the economic and cultural center of Japan|
yekaterinoslav	n|city in east central Ukraine on the Dnieper River; center of metallurgical industry|
yell	n|a loud utterance; often in protest or opposition|the speaker was interrupted by loud cries from the rear of the audience	n|a loud utterance of emotion (especially when inarticulate)|a cry of rage	v|utter a sudden loud cry|she cried with pain when the doctor inserted the needle	v|utter or declare in a very loud voice|You don't have to yell--I can hear you just fine
yelled	adj|in a vehement outcry|his shouted words of encouragement could be heard over the crowd noises
yeller	n|someone who communicates vocally in a very loud voice|
yelling	n|uttering a loud inarticulate cry as of pain or excitement|
yellow	adj|of the color intermediate between green and orange in the color spectrum; of something resembling the color of an egg yolk|	adj|easily frightened|	adj|changed to a yellowish color by age|yellowed parchment	adj|typical of tabloids|sensational journalistic reportage of the scandal
yellow ageratum	n|shrub of southwestern Mediterranean region having yellow daisylike flowers|
yellow asphodel	n|asphodel with leafy stem and fragrant yellow flowers|
yellow avens	n|hairy yellow-flowered plant of eastern Asia and North America|	n|erect subshrub with deep yellow flowers; Europe and Asia and North America|
yellow bean	n|snap beans with yellow pods|
yellow bedstraw	n|common yellow-flowered perennial bedstraw; North America and Europe and Asia|
yellow berry	n|fruit of various buckthorns yielding dyes or pigments|
yellow bile	n|a humor that was once believed to be secreted by the liver and to cause irritability and anger|
yellow birch	n|tree of eastern North America with thin lustrous yellow or grey bark|
yellow bone marrow	n|bone marrow that is yellow with fat; found at the ends of long bones in adults|
yellow bristle grass	n|common weedy and bristly grass found in nearly all temperate areas|
yellow bristlegrass	n|common weedy and bristly grass found in nearly all temperate areas|
yellow bugle	n|low-growing annual with yellow flowers dotted red; faintly aromatic of pine resin; Europe, British Isles and North Africa|
yellow bunting	n|European bunting the male being bright yellow|
yellow cattley guava	n|small tropical shrubby tree bearing small yellowish fruit|
yellow cedar	n|tall evergreen of the Pacific coast of North America often cultivated for ornament|
yellow chamomile	n|Eurasian perennial herb with hairy divided leaves and yellow flowers; naturalized in North America|
yellow cleavers	n|common yellow-flowered perennial bedstraw; North America and Europe and Asia|
yellow clintonia	n|common woodland herb of temperate North America having yellow nodding flowers and small round blue fruits|
yellow cypress	n|tall evergreen of the Pacific coast of North America often cultivated for ornament|
yellow delicious	n|a sweet eating apple with yellow skin|
yellow dock	n|European dock with broad obtuse leaves and bitter rootstock common as a weed in North America|
yellow dwarf	n|any of several virus diseases of plants characterized by stunting and yellowing of the leaves|
yellow dwarf of potato	n|the yellow dwarf disease of potato plants|
yellow fever	n|caused by a flavivirus transmitted by a mosquito|
yellow foxglove	n|European yellow-flowered foxglove|
yellow foxtail	n|common weedy and bristly grass found in nearly all temperate areas|
yellow globe lily	n|globe lily having open branched clusters of clear yellow egg-shaped flowers; northern California|
yellow goatfish	n|schooling goatfish; greyish with yellow stripe|
yellow granadilla	n|West Indian passionflower; cultivated for its yellow edible fruit|	n|the edible yellow fruit of the Jamaica honeysuckle|
yellow green	n|a shade of green tinged with yellow|
yellow gurnard	n|a kind of gurnard|
yellow henbane	n|found on sea beaches from Virginia to South America having greenish-yellow flowers and orange or yellow berries|
yellow honeysuckle	n|twining deciduous shrub with clusters of purple-tinged yellow-green flowers; northeastern America|
yellow horned poppy	n|yellow-flowered Eurasian glaucous herb naturalized in along sandy shores in eastern North America|
yellow hornet	n|small yellow-marked social wasp commonly nesting in the ground|
yellow jack	n|caused by a flavivirus transmitted by a mosquito|	n|yellow flag hoist on a ship in quarantine|	n|fish of western Atlantic and Gulf of Mexico|
yellow jacket	n|a barbiturate (trade name Nembutal) used as a sedative and hypnotic and antispasmodic|	n|small yellow-marked social wasp commonly nesting in the ground|
yellow journalism	n|sensationalist journalism|
yellow lady's slipper	n|maroon to purple-brown orchid with yellow lip; Europe, North America and Japan|
yellow lady-slipper	n|maroon to purple-brown orchid with yellow lip; Europe, North America and Japan|
yellow light	n|the signal to proceed with caution|
yellow loosestrife	n|frequently considered a weed; Europe and Asia|
yellow lupine	n|yellow-flowered European lupine cultivated for forage|
yellow mariposa tulip	n|mariposa having clusters of a few large deep yellow bell-shaped flowers atop slender stems; California coastal ranges|
yellow marrow	n|bone marrow that is yellow with fat; found at the ends of long bones in adults|
yellow metal	n|a brass that has more zinc and is stronger than alpha brass; used in making castings and hot-worked products|
yellow mombin	n|yellow oval tropical fruit|
yellow mountain saxifrage	n|tufted evergreen perennial having ciliate leaves and yellow corymbose flowers often spotted orange|
yellow nutgrass	n|European sedge having small edible nutlike tubers|
yellow ocher	n|pigment consisting of a limonite mixed with clay and silica|
yellow ochre	n|pigment consisting of a limonite mixed with clay and silica|
yellow pages	n|a telephone directory or section of a directory (usually printed on yellow paper) where business products and services are listed alphabetically by field along with classified advertising|
yellow paper daisy	n|Australian plant naturalized in Spain having flowers of lemon yellow to deep gold; the frequent choice of those who love dried flowers|
yellow parilla	n|a woody vine of eastern North America having large oval leaves and small white flowers and purple to blue-black fruits|
yellow peril	n|the threat to Western civilization said to arise from the power of Asiatic peoples|
yellow pimpernel	n|trailing European evergreen with yellow flowers|
yellow pine	n|any of various pines having yellow wood|	n|hard yellowish wood of a yellow pine|
yellow pond lily	n|common water lily of eastern and central North America, having broad leaves and globe-shaped yellow flowers; in sluggish fresh or slightly brackish water|
yellow poplar	n|light easily worked wood of a tulip tree; used for furniture and veneer|
yellow prussiate of potash	n|a cyanide compound that is prepared by the reaction of potassium cyanide with ferrous salts; commonly used by gardeners|
yellow river	n|a major river of Asia in northern China; flows generally eastward into the Yellow Sea; carries large quantities of yellow silt to its delta|
yellow rocket	n|noxious cress with yellow flowers; sometimes placed in genus Sisymbrium|
yellow sand verbena	n|plant having hemispherical heads of yellow trumpet-shaped flowers; found in coastal dunes from California to British Columbia|
yellow sea	n|part of the Pacific off the east coast of Asia|
yellow spiny daisy	n|slender perennial of western North America having weakly bristly leaves and yellow flower heads|
yellow spot	n|any of several fungous or viral diseases characterized by yellow spotting on the leaves|	n|a small yellowish central area of the retina that is rich in cones and that mediates clear detailed vision|
yellow spot fungus	n|fungus causing yellow spot (a sugarcane disease in Australia)|
yellow spruce	n|medium-sized spruce of eastern North America; chief lumber spruce of the area; source of pulpwood|
yellow squash	n|any of various squash plants grown for their yellow fruits with somewhat elongated necks|	n|squash having yellow skin and yellowish flesh and usually elongated neck|
yellow sweet clover	n|biennial yellow-flowered Eurasian plant having aromatic leaves used as carminative or flavoring agent; widely cultivated especially as green manure or cover crop|
yellow trefoil	n|prostrate European herb with small yellow flowers and curved black pods; naturalized in North America|
yellow turnip	n|the large yellow root of a rutabaga plant used as food|
yellow vetchling	n|scrambling perennial Eurasian wild pea having yellowish flowers and compressed seed pods; cultivated for forage|
yellow water lily	n|a water lily with yellow flowers|
yellow watercress	n|annual or biennial cress growing in damp places sometimes used in salads or as a potherb; troublesome weed in some localities|
yellow-banded	adj|having yellow bands|
yellow-beige	adj|of beige tinged with yellow|
yellow-bellied	adj|easily frightened|
yellow-blindness	n|a form of dichromacy characterized by lowered sensitivity to yellow light; so rare that its existence has been questioned|
yellow-blue color blindness	n|confusion of yellow and blue|
yellow-blue dichromacy	n|confusion of yellow and blue|
yellow-breasted bunting	n|common in Russia and Siberia|
yellow-brown	adj|of a medium to dark brownish yellow color|
yellow-dog contract	n|a labor contract (now illegal) whereby the employee agrees not to join a trade union|
yellow-eyed grass family	n|plants of tropical to temperate regions; usually in wet places|
yellow-fever mosquito	n|mosquito that transmits yellow fever and dengue|
yellow-gray	adj|of grey tinged with yellow|
yellow-green	adj|of a color midway between yellow and green|
yellow-green algae	n|any alga of the division Chrysophyta with its chlorophyll masked by yellow pigment|
yellow-grey	adj|of grey tinged with yellow|
yellow-leaf sickle pine	n|a rain forest tree or shrub of New Caledonia having a conic crown and pale green sickle-shaped leaves; host species for the rare parasite yew|
yellow-marked	adj|having yellow marks|
yellow-orange	adj|of orange tinged with yellow|
yellow-shafted flicker	n|large flicker of eastern North America with a red neck and yellow undersurface to wings and tail|
yellow-spotted	adj|having yellow spots|
yellow-striped	adj|having yellow stripes|
yellow-throated marten	n|large yellow and black marten of southern China and Burma|
yellow-tinged	adj|of a color tinged with yellow|
yellow-tipped	adj|of a flower tipped with yellow|
yellow-white	adj|of a white tinged with yellow|
yellowbelly marmot	n|heavy-bodied yellowish-brown marmot of rocky areas of western North America|
yellowcake	n|an impure mixture of uranium oxides obtained during the processing of uranium ore|
yellowed	adj|changed to a yellowish color by age|yellowed parchment
yellowfin	n|may reach 400 pounds; worldwide in tropics|
yellowfin croaker	n|a fish of the Pacific coast of North America|
yellowfin mojarra	n|popular panfish from Bermuda and Gulf of Mexico to Brazil|
yellowfin tuna	n|may reach 400 pounds; worldwide in tropics|
yellowhammer	n|large flicker of eastern North America with a red neck and yellow undersurface to wings and tail|	n|European bunting the male being bright yellow|
yellowish	adj|of the color intermediate between green and orange in the color spectrum; of something resembling the color of an egg yolk|
yellowish brown	n|a medium to dark tan color|
yellowish green	n|a shade of green tinged with yellow|
yellowish pink	n|a shade of pink tinged with yellow|
yellowish-beige	adj|of beige tinged with yellow|
yellowish-gray	adj|of grey tinged with yellow|
yellowish-grey	adj|of grey tinged with yellow|
yellowish-orange	adj|of orange tinged with yellow|
yellowish-white	adj|of a white tinged with yellow|
yellowknife	n|a town in the Northwest Territories in northern Canada on the Great Slave Lake|
yellowness	n|yellow color or pigment; the chromatic color resembling the hue of sunflowers or ripe lemons|
yellowstone	n|a tributary of the Missouri River that flows through the Yellowstone National Park|
yellowstone river	n|a tributary of the Missouri River that flows through the Yellowstone National Park|
yellowtail	n|superior food fish of the tropical Atlantic and Caribbean with broad yellow stripe along the sides and on the tail|	n|game fish of southern California and Mexico having a yellow tail fin|
yellowtail snapper	n|superior food fish of the tropical Atlantic and Caribbean with broad yellow stripe along the sides and on the tail|
yellowwood	n|the yellow wood of any of various yellowwood trees|	n|any of various trees having yellowish wood or yielding a yellow extract|
yellowwood tree	n|any of various trees having yellowish wood or yielding a yellow extract|
yelp	n|a sharp high-pitched cry (especially by a dog)|	v|bark in a high-pitched tone|the puppies yelped
yelping	n|a sharp high-pitched cry (especially by a dog)|
yemen	n|a republic on the southwestern shores of the Arabian Peninsula on the Indian Ocean; formed in 1990|
yemeni	adj|of or relating to or characteristic of Yemen or its inhabitants|Yemeni mountains	n|a native or inhabitant of Yemen|
yemeni fils	n|100 Yemeni fils are worth one Yemeni rial|
yemeni monetary unit	n|monetary unit in Yemen|
yemeni rial	n|the basic unit of money in Yemen; equal to 100 fils|
yen	n|a yearning for something or to do something|	n|the basic unit of money in Japan; equal to 100 sen|	v|have a desire for something or someone who is not present|She ached for a cigarette
yenisei	n|a Russian river in Siberia; rises in mountains near the Mongolian border and flows generally northward into the Kara Sea|	n|the Uralic language spoken by the Yeniseian|
yenisei river	n|a Russian river in Siberia; rises in mountains near the Mongolian border and flows generally northward into the Kara Sea|
yenisei-samoyed	n|the Uralic language spoken by the Yeniseian|
yeniseian	n|a member of one of the groups living in the Yenisei river valley in western Siberia|	n|the Uralic language spoken by the Yeniseian|
yenisey	n|a Russian river in Siberia; rises in mountains near the Mongolian border and flows generally northward into the Kara Sea|
yenisey river	n|a Russian river in Siberia; rises in mountains near the Mongolian border and flows generally northward into the Kara Sea|
yenta	n|(Yiddish) a vulgar shrew; a shallow coarse termagant|	n|(Yiddish) a woman who talks too much; a gossip unable to keep a secret; a woman who spreads rumors and scandal|
yeoman	n|officer in the (ceremonial) bodyguard of the British monarch|	n|in former times was free and cultivated his own land|
yeoman of the guard	n|officer in the (ceremonial) bodyguard of the British monarch|
yeomanry	n|class of small freeholders who cultivated their own land|	n|a British volunteer cavalry force organized in 1761 for home defense later incorporated into the Territorial Army|
yerevan	n|capital of Armenia|
yersin	n|French bacteriologist born in Switzerland; was a student of Pasteur; discovered the plague bacillus (1863-1943)|
yersinia pestis	n|a bacillus bacterium that causes the plague; aerosolized bacteria can be used as a bioweapon|
yerupaja	n|a mountain peak in the Andes in Peru (21,709 feet high)|
yerwa-maiduguri	n|a city in northeastern Nigeria; an agricultural trading center|
yes	n|an affirmative|I was hoping for a yes
yes-man	n|a person of unquestioning obedience|
yes-no question	n|a question that can be answered by yes or no|
yeshiva	n|an academy for the advanced study of Jewish texts (primarily the Talmud)|
yeshivah	n|an academy for the advanced study of Jewish texts (primarily the Talmud)|
yesterday	adv|on the day preceding today|yesterday the weather was beautiful	adv|in the recent past; only a short time ago|I was not born yesterday!	n|the day immediately before today|it was in yesterday's newspapers	n|the recent past|yesterday's solutions are not good enough
yesteryear	n|the time that has elapsed|forget the past
yet	adv|up to the present time|I have yet to see the results	adv|used in negative statement to describe a situation that has existed up to this point or up to the present time|So far he hasn't called	adv|to a greater degree or extent; used with comparisons|looked sick and felt even worse	adv|within an indefinite time or at an unspecified future time|he longed for the flowers that were yet to show themselves
yeti	n|a large hairy humanoid creature said to live in the Himalayas|
yevgeni aleksandrovich yevtushenko	n|Russian poet who expressed the feelings of the post-Stalinist generation (born in 1933)|
yevgeni yevtushenko	n|Russian poet who expressed the feelings of the post-Stalinist generation (born in 1933)|
yevtushenko	n|Russian poet who expressed the feelings of the post-Stalinist generation (born in 1933)|
yew	n|wood of a yew; especially the durable fine-grained light brown or red wood of the English yew valued for cabinetwork and archery bows|	n|any of numerous evergreen trees or shrubs having red cup-shaped berries and flattened needlelike leaves|
yew family	n|sometimes classified as member of order Taxales|
yezo	n|the second largest of the four main islands of Japan; to the north of Honshu|
ygdrasil	n|(Norse mythology) a huge ash tree whose roots and branches hold the earth and Heaven and Hell together|
yggdrasil	n|(Norse mythology) a huge ash tree whose roots and branches hold the earth and Heaven and Hell together|
yhvh	n|a name for the God of the Old Testament as transliterated from the Hebrew consonants YHVH|
yhwh	n|a name for the God of the Old Testament as transliterated from the Hebrew consonants YHVH|
yi	n|a Loloish language|
yib	n|a unit of information equal to 1024 zebibytes or 2^80 bytes|
yibit	n|a unit of information equal to 1024 zebibits or 2^80 bits|
yid	n|(ethnic slur) offensive term for a Jew|
yiddish	n|a dialect of High German including some Hebrew and other words; spoken in Europe as a vernacular by many Jews; written in the Hebrew script|
yield	v|be the cause or source of|He gave me a lot of trouble	v|end resistance, as under pressure or force|The door yielded to repeated blows with a battering ram	v|give or supply|The cow brings in 5 liters of milk	v|give over; surrender or relinquish to the physical control of another|
yield up	v|surrender, as a result of pressure or force|
yielder	n|a person who yields or surrenders|
yielding	adj|inclined to yield to argument or influence or control|a timid yielding person	adj|lacking stiffness and giving way to pressure|a deep yielding layer of foam rubber	adj|tending to give in or surrender or agree|too yielding to make a stand against any encroachments"- V.I.Parrington	n|a verbal act of admitting defeat|
yieldingly	adv|in an obedient manner|obediently she slipped off her right shoe and stocking
yin	n|the dark negative feminine principle in Chinese dualistic cosmology|the interaction of yin and yang maintains the harmony of the universe
yip	n|a sharp high-pitched cry (especially by a dog)|	v|bark in a high-pitched tone|the puppies yelped
yips	n|nervous tension that causes an athlete to fail (especially causes golfers to miss short putts)|to avoid the yips he changed his style of putting
yisrael	n|Jewish republic in southwestern Asia at eastern end of Mediterranean; formerly part of Palestine|
ylang-ylang	n|evergreen Asian tree with aromatic greenish-yellow flowers yielding a volatile oil; widely grown in the tropics as an ornamental|
ylem	n|(cosmology) the original matter that (according to the big bang theory) existed before the formation of the chemical elements|
ymir	n|(Norse mythology) the primeval giant slain by Odin and his brothers and from whose body they created the world: the sea from his blood; the earth from his flesh; the mountains from his bones; the sky from his skull|
yo-yo	n|a toy consisting of a spool that is reeled up and down on a string by motions of the hand|
yob	n|a cruel and brutal fellow|
yobbo	n|a cruel and brutal fellow|
yobibit	n|a unit of information equal to 1024 zebibits or 2^80 bits|
yobibyte	n|a unit of information equal to 1024 zebibytes or 2^80 bytes|
yobo	n|a cruel and brutal fellow|
yodel	n|a songlike cry in which the voice fluctuates rapidly between the normal voice and falsetto|	v|sing by changing register; sing by yodeling|The Austrians were yodeling in the mountains
yodeling	n|singing by changing back and forth between the chest voice and a falsetto|
yodeller	n|a singer who changes register rapidly (popular is Swiss folk songs)|
yodh	n|the 10th letter of the Hebrew alphabet|
yoga	n|discipline aimed at training the consciousness for a state of perfect spiritual insight and tranquility that is achieved through the three paths of actions and knowledge and devotion|	n|a system of physical, breathing and meditation exercises practiced to promote control of the body and mind|
yogacara	n|one of the main traditions of Mahayana Buddhism; holds that the mind is real but that objects are just ideas or states of consciousness|
yoghourt	n|a custard-like food made from curdled milk|
yoghurt	n|a custard-like food made from curdled milk|
yogi	n|one who practices yoga and has achieved a high level of spiritual insight|
yogic	adj|of or relating to yoga|yogic exercises
yogistic	adj|of or relating to yoga|yogic exercises
yogurt	n|a custard-like food made from curdled milk|
yoke	n|fabric comprising a fitted part at the top of a garment|	n|an oppressive power|under the yoke of a tyrant	n|two items of the same kind|	n|a pair of draft animals joined by a yoke|pulled by a yoke of oxen
yokel	n|a person who is not very intelligent or interested in culture|
yokel-like	adj|stupid and ignorant like proverbial rural inhabitants|the boy's empty yokel-like expression
yokelish	adj|(of persons) lacking in refinement or grace|
yokohama	n|port city on southeastern Honshu in central Japan|
yokuts	n|a Penutian language spoken by the Yokuts in the San Joaquin Valley|
yolk	n|the yellow spherical part of an egg that is surrounded by the albumen|	n|nutritive material of an ovum stored for the nutrition of an embryo (especially the yellow mass of a bird or reptile egg)|
yolk sac	n|membranous structure that functions as the circulatory system in mammalian embryos until the heart becomes functional|	n|membranous structure enclosing the yolk of eggs in birds, reptiles, marsupials, and some fishes; circulates nutrients to the developing embryo|
yom kippur	n|(Judaism) a solemn and major fast day on the Jewish calendar; 10th of Tishri; its observance is one of the requirements of the Mosaic law|
yom kippur war	n|Egypt and Syria attacked Israel in October 1973 (on Yom Kippur); Israel counterattacked and drove the Syrians back and crossed the Suez Canal into Egypt|
yon	adj|distant but within sight (`yon' is dialectal)|yonder valley	adv|at or in an indicated (usually distant) place (`yon' is archaic and dialectal)|the house yonder
yonder	adj|distant but within sight (`yon' is dialectal)|yonder valley	adv|at or in an indicated (usually distant) place (`yon' is archaic and dialectal)|the house yonder
yore	n|time long past|
york	n|the English royal house (a branch of the Plantagenet line) that reigned from 1461 to 1485; its emblem was a white rose|
yorkshire	n|a former large county in northern England; in 1974 it was divided into three smaller counties|
yorkshire pudding	n|light puffy bread made of a puff batter and traditionally baked in the pan with roast beef|
yorkshire terrier	n|very small breed having a long glossy coat of bluish-grey and tan|
yoruba	n|a member of a West African people living chiefly in southwestern Nigeria|	n|a Kwa language spoken by the Yoruba in southwestern Nigeria|
yosemite	n|a series of waterfalls in Yosemite National Park in California; is reduced to a trickle for part of each year|
yosemite falls	n|a series of waterfalls in Yosemite National Park in California; is reduced to a trickle for part of each year|
yosemite national park	n|a national park in California famous for its waterfalls and rock formations|
yosemite toad	n|of high Sierra Nevada meadows and forest borders|
yottabit	n|a unit of information equal to 1000 zettabits or 10^24 bits|
yottabyte	n|a unit of information equal to 1000 zettabytes or 10^24 bytes|	n|a unit of information equal to 1024 zebibytes or 2^80 bytes|
you bet	adv|an expression of emphatic agreement|
you said it	adv|an expression of emphatic agreement|
you-drive	n|a rented car|she picked up a hire car at the airport and drove to her hotel
young	adj|(used of living things especially persons) in an early period of life or development or growth|young people	adj|(of crops) harvested at an early stage of development; before complete maturity|new potatoes	adj|suggestive of youth; vigorous and fresh|he is young for his age	adj|being in its early stage|a young industry
young bird	n|a bird that is still young|
young buck	n|a teenager or a young adult male|
young carnivore	n|the young of certain carnivorous mammals such as the bear or wolf or lion|
young fish	n|a fish that is young|
young girl	n|a girl or young woman who is unmarried|
young lady	n|a young female|a young lady of 18
young mammal	n|any immature mammal|
young man	n|a teenager or a young adult male|
young person	n|a young person (especially a young man or boy)|
young turk	n|a member of one or more of the insurgent groups in Turkey in the late 19th century who rebelled against the absolutism of Ottoman rule|	n|a young radical who agitates for reform|
young woman	n|a young female|a young lady of 18
young's modulus	n|a coefficient of elasticity applicable to the stretching of a wire|
young-bearing	adj|capable of producing eggs and bearing offspring|
young-begetting	adj|capable of fathering offspring|
younger	adj|used of the younger of two persons of the same name especially used to distinguish a son from his father|John Junior
youngish	adj|somewhat young|
youngness	n|the opposite of oldness|
youngster	n|a young person of either sex|she writes books for children
youngstown	n|a city in northeast Ohio|
younker	n|a young person (especially a young man or boy)|
youth	n|a young person (especially a young man or boy)|	n|young people collectively|rock music appeals to the young	n|the time of life between childhood and maturity|	n|early maturity; the state of being young or immature or inexperienced|
youth crusade	n|political or religious or social reform movement or agitation consisting chiefly of young people|
youth culture	n|young adults (a generational unit) considered as a cultural class or subculture|
youth gang	n|a gang whose members are teenagers|
youth hostel	n|inexpensive supervised lodging (especially for youths on bicycling trips)|
youth movement	n|political or religious or social reform movement or agitation consisting chiefly of young people|
youth subculture	n|a minority youth culture whose distinctiveness depended largely on the social class and ethnic background of its members; often characterized by its adoption of a particular music genre|
youth-on-age	n|vigorous perennial herb with flowers in erect racemes and having young plants develop at the junction of a leaf blade and the leafstalk|
youthful	adj|suggestive of youth; vigorous and fresh|he is young for his age
youthfully	adv|in a youthful manner|he is still youthfully enthusiastic
youthfulness	n|the freshness and vitality characteristic of a young person|
yowl	n|a very loud utterance (like the sound of an animal)|his bellow filled the hallway	v|cry loudly, as of animals|The coyotes were howling in the desert	v|utter shrieks, as of cats|
ypres	n|battle in World War I (1917); an Allied offensive which eventually failed because tanks bogged down in the waterlogged soil of Flanders; Germans introduced mustard gas which interfered with the Allied artillery|	n|battle in World War I (1915); Germans wanted to try chlorine (a toxic yellow gas) as a weapon and succeeded in taking considerable territory from the Allied salient|	n|battle in World War I (1914); heavy but indecisive fighting as the Allies and the Germans both tried to break through the lines of the others|
yquem	n|a sweet white French wine|
yr	n|a period of time containing 365 (or 366) days|she is 4 years old
ytterbite	n|a mineral that is a source of rare earths; consists of silicates of iron and beryllium and cerium and yttrium and erbium|
ytterbium	n|a soft silvery metallic element; a rare earth of the lanthanide series; it occurs in gadolinite and monazite and xenotime|
yttrium	n|a silvery metallic element that is common in rare-earth minerals; used in magnesium and aluminum alloys|
yuan	n|the basic unit of money in China|	n|the imperial dynasty of China from 1279 to 1368|
yuan dynasty	n|the imperial dynasty of China from 1279 to 1368|
yucatan	n|a state of Mexico on the northern part of the Yucatan Peninsula|	n|a peninsula in Central America extending into the Gulf of Mexico between the Bay of Campeche and the Caribbean Sea|
yucatan peninsula	n|a peninsula in Central America extending into the Gulf of Mexico between the Bay of Campeche and the Caribbean Sea|
yucatec	n|a member of the Mayan people of the Yucatan peninsula in Mexico|	n|a Mayan language spoken by the Yucatec|
yucateco	n|a member of the Mayan people of the Yucatan peninsula in Mexico|	n|a Mayan language spoken by the Yucatec|
yucca	n|any of several evergreen plants of the genus Yucca having usually tall stout stems and a terminal cluster of white flowers; warmer regions of North America|
yucca filamentosa	n|yucca with long stiff leaves having filamentlike appendages|
yucky	adj|highly offensive; arousing aversion or disgust|a disgusting smell
yue	n|the dialect of Chinese spoken in Canton and neighboring provinces and in Hong Kong and elsewhere outside China|
yue dialect	n|the dialect of Chinese spoken in Canton and neighboring provinces and in Hong Kong and elsewhere outside China|
yugoslav	adj|of or relating to or characteristic of the former country of Yugoslavia or its people or languages|Yugoslavian wine	n|a native or inhabitant of Yugoslavia|
yugoslavia	n|a mountainous republic in southeastern Europe bordering on the Adriatic Sea; formed from two of the six republics that made up Yugoslavia until 1992; Serbia and Montenegro were known as the Federal Republic of Yugoslavia until 2003 when they adopted the name of the Union of Serbia and Montenegro|	n|a former country of southeastern Europe bordering the Adriatic Sea; formed in 1918 and named Yugoslavia in 1929; controlled by Marshal Tito as a communist state until his death in 1980|Tito's Yugoslavia included Slovenia, Croatia, Macedonia, Bosnia-Herzegovina, Serbia, and Montenegro
yugoslavian	adj|of or relating to or characteristic of the former country of Yugoslavia or its people or languages|Yugoslavian wine	n|a native or inhabitant of Yugoslavia|
yugoslavian dinar	n|the basic unit of money in Yugoslavia|
yugoslavian monetary unit	n|monetary unit in Yugoslavia|
yukawa	n|Japanese mathematical physicist who proposed that nuclear forces are mediated by massive particles called mesons which are analogous to the photon in mediating electromagnetic forces (1907-1981)|
yukon	n|a territory in northwestern Canada; site of the Klondike gold rush in the 1890s|
yukon territory	n|a territory in northwestern Canada; site of the Klondike gold rush in the 1890s|
yukon time	n|standard time in the 9th time zone west of Greenwich, reckoned at the 135th meridian west; used in Hawaii and most of Alaska|
yukon white birch	n|Alaskan birch with white to pale brown bark|
yule	n|period extending from Dec. 24 to Jan. 6|
yule log	n|large log traditionally burned at Christmas|
yuletide	n|period extending from Dec. 24 to Jan. 6|
yuma	n|a town in southwestern Arizona on the Colorado River and the California border|	n|the Yuman language spoken by the Yuma|
yuman	adj|of or relating to the language or culture of the Yuma people|	n|a group of language of the Hokan family in Arizona and California and Mexico|
yummy	adj|extremely pleasing to the sense of taste|
yunnan	n|a province of southern China|
yunnan province	n|a province of southern China|
yuppie	n|a young upwardly mobile professional individual; a well-paid middle-class professional who works in a city and has a luxurious life style|
yurak-samoyed	n|a Uralic language spoken by a Samoyed of northern Siberia|
yuri alekseyevich gagarin	n|Soviet cosmonaut who in 1961 was the first person to travel in space (1934-1968)|
yuri gagarin	n|Soviet cosmonaut who in 1961 was the first person to travel in space (1934-1968)|
yurt	n|a circular domed dwelling that is portable and self-supporting; originally used by nomadic Mongol and Turkic people of central Asia but now used as inexpensive alternative or temporary housing|
