z	n|the ending of a series or sequence|the Alpha and the Omega, the first and the last, the beginning and the end"--Revelation
z-axis	n|the third axis in a 3-dimensional coordinate system|
zaar	n|a Chadic language spoken in northern Nigeria|
zabaglione	n|light foamy custard-like dessert served hot or chilled|
zabrze	n|an industrial city in southern Poland|
zacharias	n|a Hebrew minor prophet of the late 6th century BC|	n|an Old Testament book telling the prophecies of Zechariah which are concerned mainly with the renewal of Israel after the Babylonian Captivity|
zaftig	adj|(of a female body) healthily plump and vigorous|a generation ago...buxom actresses were popular"- Robt.A.Hamilton
zag	n|an angular shape characterized by sharp turns in alternating directions|
zaglossus	n|a genus of Tachyglossidae|
zagreb	n|the capital of Croatia|
zaire	n|the basic unit of money in Zaire|	n|a republic in central Africa; achieved independence from Belgium in 1960|
zaire river	n|a major African river (one of the world's longest); flows through Congo into the South Atlantic|
zairean	adj|of or relating to or characteristic of Zaire or its people|Zairean elections	n|a native or inhabitant of Zaire|
zairese	adj|of or relating to or characteristic of Zaire or its people|Zairean elections	n|a native or inhabitant of Zaire|
zairese monetary unit	n|monetary unit in Zaire|
zakat	n|the fourth pillar of Islam is almsgiving as an act of worship|the zakat is earmarked for the poor and disabled
zalcitabine	n|an antiviral drug used to combat HIV infection|
zalophus	n|sea lions|
zalophus californianus	n|often trained as a show animal|
zalophus californicus	n|often trained as a show animal|
zalophus lobatus	n|a variety of sea lion found in Australia|
zama	n|the battle in 202 BC in which Scipio decisively defeated Hannibal at the end of the second Punic War|
zambezi	n|an African river; flows into the Indian Ocean|
zambezi river	n|an African river; flows into the Indian Ocean|
zambia	n|a republic in central Africa; formerly controlled by Great Britain and called Northern Rhodesia until it gained independence within the commonwealth in 1964|
zambian	adj|of or relating to or characteristic of Zambia or its people|	n|a native or inhabitant of Zambia|
zambian kwacha	n|the basic unit of money in Zambia|
zambian monetary unit	n|monetary unit in Zambia|
zamboni	n|the trademark for a machine that smooths the ice in an ice-skating rink|
zamboorak	n|a camel cavalry used in the early modern era by Arab, Afghan, Persian, and Indian armies|
zamburak	n|a camel cavalry used in the early modern era by Arab, Afghan, Persian, and Indian armies|
zamburek	n|a camel cavalry used in the early modern era by Arab, Afghan, Persian, and Indian armies|
zamia	n|any of various cycads of the genus Zamia; among the smallest and most verdant cycads|
zamia family	n|a family of cycads often included in the family Cycadaceae: zamias|
zamia pumila	n|small tough woody zamia of Florida and West Indies and Cuba; roots and half-buried stems yield an arrowroot|
zamiaceae	n|a family of cycads often included in the family Cycadaceae: zamias|
zangwill	n|English writer (1864-1926)|
zannichellia	n|horned pondweed: completely submerged herbs; in some classifications included in Potamogetonaceae|
zannichellia palustris	n|found in still or slow-moving fresh or brackish water; useful to oxygenate cool water ponds and aquaria|
zannichelliaceae	n|alternative classification for some genera included in Potamogetonaceae; one species|
zantac	n|a histamine blocker and antacid (trade name Zantac) used to treat peptic ulcers and gastritis and esophageal reflux|
zantedeschia	n|calla lily|
zantedeschia aethiopica	n|South African plant widely cultivated for its showy pure white spathe and yellow spadix|
zantedeschia rehmanii	n|calla having a rose-colored spathe|
zanthoxylum	n|deciduous or evergreen trees or shrubs: prickly ash|
zanthoxylum americanum	n|small deciduous aromatic shrub (or tree) having spiny branches and yellowish flowers; eastern North America|
zanthoxylum flavum	n|West Indian tree with smooth lustrous and slightly oily wood|
zanthoxylum fraxineum	n|small deciduous aromatic shrub (or tree) having spiny branches and yellowish flowers; eastern North America|
zany	adj|ludicrous, foolish|wore a goofy hat	adj|like a clown|a buffoonish walk	n|a buffoon in one of the old comedies; imitates others for ludicrous effect|	n|a man who is a stupid incompetent fool|
zanzibar	n|an island in the Indian Ocean off the east coast of Africa; part of the United Republic of Tanzania|
zanzibar copal	n|a hard copal derived from an African tree|
zap	n|a sudden event that imparts energy or excitement, usually with a dramatic impact|they gave it another zap of radiation	v|strike suddenly and with force|This show zaps the viewers with some shocking scenes	v|kill with or as if with a burst of gunfire or electric current or as if by shooting|in this computer game, space travellers are vaporized by aliens	v|strike at with firepower or bombs|zap the enemy
zapata	n|Mexican revolutionary who led a revolt for agrarian reforms (1879-1919)|
zapodidae	n|jumping mice|
zapotec	adj|of or relating to the language or culture of the Zapotec people|	n|a member of a large tribe of Mesoamericans living in southern Mexico whose civilization flourished around 300 to 900|	n|the language of the Zapotec|
zapotecan	n|a member of a large tribe of Mesoamericans living in southern Mexico whose civilization flourished around 300 to 900|	n|the language of the Zapotec|
zapper	n|an electrical device that can injure or kill by means of electric currents|a bug zapper
zapus	n|type genus of the Zapodidae|
zaragoza	n|an ancient city on the Ebro River in northeastern Spain; formerly the capital of Aragon|
zarathustra	n|Persian prophet who founded Zoroastrianism (circa 628-551 BC)|
zarf	n|an ornamental metal cup-shaped holder for a hot coffee cup|
zaria	n|a city in north central Nigeria; agricultural trading center|
zarontin	n|an anticonvulsant drug (trade names Emeside and Zarontin) used to treat petit mal epilepsy|
zarpanit	n|consort of Marduk|
zarqa	n|city in northwestern Jordan|
zayin	n|the 7th letter of the Hebrew alphabet|
zb	n|a unit of information equal to 1000 exabits or 10^21 bits|	n|a unit of information equal to 1000 exabytes or 10^21 bytes|	n|a unit of information equal to 1024 exbibytes or 2^70 bytes|
zbit	n|a unit of information equal to 1000 exabits or 10^21 bits|
zdv	n|an antiviral drug (trade name Retrovir) used in the treatment of AIDS; adverse side effects include liver damage and suppression of the bone marrow|
zea	n|corn|
zea mays	n|tall annual cereal grass bearing kernels on large ears: widely cultivated in America in many varieties; the principal cereal in Mexico and Central and South America since pre-Columbian times|
zea mays amylacea	n|corn having kernels almost entirely of soft starch|
zea mays everta	n|corn having small ears and kernels that burst when exposed to dry heat|
zea mays indentata	n|corn whose kernels contain both hard and soft starch and become indented at maturity|
zea mays indurata	n|corn having kernels with a hard outer layer enclosing the soft endosperm|
zea mays rugosa	n|a corn plant developed in order to have young ears that are sweet and suitable for eating|
zea saccharata	n|a corn plant developed in order to have young ears that are sweet and suitable for eating|
zeal	n|a feeling of strong eagerness (usually in favor of a person or cause)|they were imbued with a revolutionary ardor	n|excessive fervor to do something or accomplish some end|he had an absolute zeal for litigation	n|prompt willingness|readiness to continue discussions
zealand	n|the largest island of Denmark and the site of Copenhagen|
zealander	n|a native or inhabitant of Zealand|
zealot	n|a member of an ancient Jewish sect in Judea in the first century who fought to the death against the Romans and who killed or persecuted Jews who collaborated with the Romans|	n|a fervent and even militant proponent of something|
zealotry	n|excessive intolerance of opposing views|
zealous	adj|marked by active interest and enthusiasm|an avid sports fan
zealously	adv|in a zealous manner|she worked zealously to raise funds for the literacy project
zeaxanthin	n|yellow carotenoid (isomeric with lutein and occurs widely with it) that is the main pigment in yellow Indian corn|
zebibit	n|a unit of information equal to 1024 exbibits or 2^70 bits|
zebibyte	n|a unit of information equal to 1024 exbibytes or 2^70 bytes|
zebra	n|any of several fleet black-and-white striped African equines|
zebra crossing	n|street crossing where pedestrians have right of way; often marked in some way (especially with diagonal stripes)|
zebra finch	n|small Australian weaverbird with markings like a zebra's|
zebra mussel	n|inch long mollusk imported accidentally from Europe; clogs utility inlet pipes and feeds on edible freshwater mussels|
zebra orchid	n|orchid with reddish linear leaves and panicle of purple-marked pale-yellow flowers with deep red or purple lip; southwestern Australia|
zebrawood	n|handsomely striped or mottled wood of the zebrawood tree; used especially for cabinetwork|	n|any of various trees or shrubs having mottled or striped wood|
zebrawood family	n|mostly tropical climbing shrubs or small trees; closely related to Leguminosae|
zebrawood tree	n|any of various trees or shrubs having mottled or striped wood|
zebu	n|domesticated ox having a humped back and long horns and a large dewlap; used chiefly as a draft animal in India and east Asia|
zechariah	n|a Hebrew minor prophet of the late 6th century BC|	n|an Old Testament book telling the prophecies of Zechariah which are concerned mainly with the renewal of Israel after the Babylonian Captivity|
zeeman	n|Dutch physicist honored for his research on the influence of magnetism on radiation which showed that light is radiated by the motion of charged particles in an atom (1865-1943)|
zeidae	n|a family of fish in the order Zeomorphi|
zeitgeist	n|the spirit of the time; the spirit characteristic of an age or generation|
zen	n|school of Mahayana Buddhism asserting that enlightenment can come through meditation and intuition rather than faith; China and Japan|	n|a Buddhist doctrine that enlightenment can be attained through direct intuitive insight|	n|street name for lysergic acid diethylamide|
zen buddhism	n|school of Mahayana Buddhism asserting that enlightenment can come through meditation and intuition rather than faith; China and Japan|	n|a Buddhist doctrine that enlightenment can be attained through direct intuitive insight|
zen buddhist	n|an adherent of the doctrines of Zen Buddhism|
zenaidura	n|mourning doves|
zend	n|an ancient Iranian language|
zend-avesta	n|a collection of Zoroastrian texts gathered during the 4th or 6th centuries|
zenith	n|the point above the observer that is directly opposite the nadir on the imaginary sphere against which celestial bodies appear to be projected|
zenithal	adj|relating to or located at or near the zenith|
zeno	n|ancient Greek philosopher who formulated paradoxes that defended the belief that motion and change are illusory (circa 495-430 BC)|	n|ancient Greek philosopher who founded the Stoic school (circa 335-263 BC)|
zeno of citium	n|ancient Greek philosopher who founded the Stoic school (circa 335-263 BC)|
zeno of elea	n|ancient Greek philosopher who formulated paradoxes that defended the belief that motion and change are illusory (circa 495-430 BC)|
zeolite	n|any of a family of glassy minerals analogous to feldspar containing hydrated aluminum silicates of calcium or sodium or potassium; formed in cavities in lava flows and in plutonic rocks|
zeomorphi	n|dories|
zephaniah	n|a Hebrew minor prophet of the late 7th century BC|	n|an Old Testament book telling the prophecies of Zephaniah which are concerned mainly with the approaching judgment by God upon the sinners of Judah|
zephyr	n|a slight wind (usually refreshing)|the breeze was cooled by the lake	n|(Greek mythology) the Greek god of the west wind|
zeppelin	n|German inventor who designed and built the first rigid motorized dirigible (1838-1917)|	n|a large rigid dirigible designed to carry passengers or bombs|
zero	adj|indicating the absence of any or all units under consideration|a zero score	adj|having no measurable or otherwise determinable value|the goal is zero population growth	adj|indicating an initial point or origin|	adj|of or relating to the null set (a set with no members)|
zero coupon bond	n|a bond that is issued at a deep discount from its value at maturity and pays no interest during the life of the bond; the commonest form of zero-coupon security|
zero coupon security	n|a security that makes no interest payments but instead is sold at a deep discount from its face value|
zero hour	n|the time set for the start of an action or operation|
zero in	v|direct onto a point or target, especially by automatic navigational aids|	v|adjust (as by firing under test conditions) the zero of (a gun)|He zeroed in his rifle at 200 yards
zero point	n|the point on a scale from which positive or negative numerical quantities can be measured|
zero tolerance	n|extreme intolerance of antisocial behavior (usually by an uncompromising application of the law)|he urged zero tolerance for priests who abuse children sexually
zero-coupon bond	n|a bond that is issued at a deep discount from its value at maturity and pays no interest during the life of the bond; the commonest form of zero-coupon security|
zero-coupon security	n|a security that makes no interest payments but instead is sold at a deep discount from its face value|
zero-sum game	n|a game in which the total of all the gains and losses is zero|
zero-tolerance policy	n|any policy that allows no exception|a zero-tolerance policy toward pedophile priests
zeroth	adj|preceding even the first|
zeroth law of thermodynamics	n|the law that if two bodies are in thermal equilibrium with a third body then the first two bodies are in thermal equilibrium with each other|
zest	n|vigorous and enthusiastic enjoyment|	n|a tart spicy quality|	v|add herbs or spices to|
zestful	adj|marked by spirited enjoyment|
zestfully	adv|with zest|she scrubbed the floors of the new apartment zestfully
zestfulness	n|vigorous and enthusiastic enjoyment|
zestily	adv|with zest|she scrubbed the floors of the new apartment zestfully
zestril	n|an ACE inhibiting drug (trade names Prinival or Zestril) administered as an antihypertensive and after heart attacks|
zesty	adj|having an agreeably pungent taste|	adj|marked by spirited enjoyment|
zeta	n|the 6th letter of the Greek alphabet|
zetland	n|an archipelago of about 100 islands in the North Atlantic off the north coast of Scotland|
zettabit	n|a unit of information equal to 1000 exabits or 10^21 bits|
zettabyte	n|a unit of information equal to 1000 exabytes or 10^21 bytes|	n|a unit of information equal to 1024 exbibytes or 2^70 bytes|
zeugma	n|use of a verb with two or more complements, playing on the verb's polysemy, for humorous effect|`Mr. Pickwick took his hat and his leave' is an example of zeugma
zeus	n|(Greek mythology) the supreme god of ancient Greek mythology; son of Rhea and Cronus whom he dethroned; husband and brother of Hera; brother of Poseidon and Hades; father of many gods; counterpart of Roman Jupiter|	n|type genus of the family Zeidae|
zeus faber	n|European dory|
zhou	n|the imperial dynasty of China from 1122 to 221 BC; notable for the rise of Confucianism and Taoism|
zhou dynasty	n|the imperial dynasty of China from 1122 to 221 BC; notable for the rise of Confucianism and Taoism|
zhou en-lai	n|Chinese revolutionary and communist leader (1898-1976)|
zhu jiang	n|a river in southeast China that flows into the South China Sea|
zhuang	n|a branch of the Tai languages|
zhukov	n|Soviet general who during World War II directed the counteroffensive at Stalingrad and relieved Leningrad and captured Berlin (1896-1974)|
zib	n|a unit of information equal to 1024 exbibytes or 2^70 bytes|
zibit	n|a unit of information equal to 1024 exbibits or 2^70 bits|
zidovudine	n|an antiviral drug (trade name Retrovir) used in the treatment of AIDS; adverse side effects include liver damage and suppression of the bone marrow|
ziegfeld follies	n|a series of extravagant revues produced by Flo Ziegfeld|
ziegler	n|German chemist honored for his research on polymers (1898-1973)|
zig	n|an angular shape characterized by sharp turns in alternating directions|
zig-zag	adj|having short sharp turns or angles|
zigadene	n|any of various plants of the genus Zigadenus having glaucous leaves and terminal racemes of mostly white flowers; all are poisonous|
zigadenus elegans	n|plant of western North America having grasslike leaves and greenish-white flowers|
zigadenus glaucus	n|plant of eastern and central North America having creamy white flowers tinged with brown or purple; poisonous especially to grazing animals|
zigadenus nuttalli	n|a common perennial death camas; Tennessee to Kansas to Texas|
zigadenus venenosus	n|plant of western North America to Mexico; poisonous especially to grazing animals|
zigadenus venenosus gramineus	n|plant of western North America to Mexico; poisonous especially to grazing animals|
ziggurat	n|a rectangular tiered temple or terraced mound erected by the ancient Assyrians and Babylonians|
zigzag	v|travel along a zigzag path|The river zigzags through the countryside	adj|having short sharp turns or angles|	adv|in a zigzag course or on a zigzag path|birds flew zigzag across the blue sky	n|an angular shape characterized by sharp turns in alternating directions|
zigzag goldenrod	n|a variety of goldenrod|
zikkurat	n|a rectangular tiered temple or terraced mound erected by the ancient Assyrians and Babylonians|
zikurat	n|a rectangular tiered temple or terraced mound erected by the ancient Assyrians and Babylonians|
zilch	n|a quantity of no importance|it looked like nothing I had ever seen before
zill	n|one of a pair of small metallic cymbals worn on the thumb and middle finger; used in belly dancing in rhythm with the dance|
zillion	adj|very large indeterminate number|a zillion people were there	n|a very large indefinite number (usually hyperbole)|there were millions of flies
zimbabwe	n|a landlocked republic in south central Africa formerly called Rhodesia; achieved independence from the United Kingdom in 1980|
zimbabwean	adj|of or relating to or characteristic of Zimbabwe or its people|	n|a native or inhabitant of Zimbabwe|
zimbabwean dollar	n|the basic unit of money in Zimbabwe|
zimmer	n|a light enclosing framework (trade name Zimmer) with rubber castors or wheels and handles; helps invalids or the handicapped or the aged to walk|
zimmer frame	n|a light enclosing framework (trade name Zimmer) with rubber castors or wheels and handles; helps invalids or the handicapped or the aged to walk|
zinacef	n|a cephalosporin that can be given parenterally (trade name Zinacef) or orally by tablets (trade name Ceftin); indicated for infections of the lungs or throat or ears or urinary tract or meninges|
zinc	n|a bluish-white lustrous metallic element; brittle at ordinary temperatures but malleable when heated; used in a wide variety of alloys and in galvanizing iron; it occurs naturally as zinc sulphide in zinc blende|	v|coat or cover with zinc|
zinc blende	n|an ore that is the chief source of zinc; consists largely of zinc sulfide in crystalline form|
zinc cadmium sulfide	n|cadmium sulfide containing zinc|
zinc deficiency	n|a deficiency caused by inadequate zinc in the diet or by liver disease or cystic fibrosis or other diseases|
zinc ointment	n|an ointment containing zinc that is used to treat certain skin diseases|
zinc oxide	n|oxide of zinc; a white powder used as a pigment or in cosmetics or glass or inks and in zinc ointment|
zinc sulfate	n|a colorless water-soluble powder; used as a mordant or to preserve wood or for the electrodeposition of zinc|
zinc sulfide	n|a yellow to white crystalline fluorescent compound that occurs naturally as sphalerite or wurtzite and is used as a luminous pigment|
zinc sulphate	n|a colorless water-soluble powder; used as a mordant or to preserve wood or for the electrodeposition of zinc|
zinc sulphide	n|a yellow to white crystalline fluorescent compound that occurs naturally as sphalerite or wurtzite and is used as a luminous pigment|
zinc vitriol	n|a colorless water-soluble powder; used as a mordant or to preserve wood or for the electrodeposition of zinc|
zinc white	n|a white pigment used in house paints; consists of zinc oxide|
zinfandel	n|small black grape grown chiefly in California; transplanted from Europe|	n|dry fruity red wine from California|
zing	n|a brief high-pitched buzzing or humming sound|the zing of the passing bullet	n|the activeness of an energetic personality|
zinger	n|a striking or amusing or caustic remark|he always greeted me with a new zinger
zingiber	n|tropical Asiatic and Polynesian perennial plants: ginger|
zingiber officinale	n|tropical Asian plant widely cultivated for its pungent root; source of gingerroot and powdered ginger|
zingiberaceae	n|a family of tropical monocotyledonous plants of order Musales|
zinjanthropus	n|genus to which Australopithecus boisei was formerly assigned|
zinkenite	n|a steel grey metallic mineral (a sulphide of lead and antimony)|
zinnia	n|any of various plants of the genus Zinnia cultivated for their variously and brightly colored flower heads|
zinnia grandiflora	n|subshrub having short leafy stems and numerous small flower heads with nearly round yellow-orange rays; Arizona south to Mexico and east to Kansas|
zinnwaldite	n|a mica containing iron and lithium|
zinzendorf	n|German theologian (1700-1760)|
zion	n|originally a stronghold captured by David (the 2nd king of the Israelites); above it was built a temple and later the name extended to the whole hill; finally it became a synonym for the city of Jerusalem|the inhabitants of Jerusalem are personified as `the daughter of Zion'	n|Jewish republic in southwestern Asia at eastern end of Mediterranean; formerly part of Palestine|	n|an imaginary place considered to be perfect or ideal|
zion national park	n|a national park in Utah having huge canyons and gorges carved by mountain rivers|
zionism	n|a policy for establishing and developing a national homeland for Jews in Palestine|	n|a movement of world Jewry that arose late in the 19th century with the aim of creating a Jewish state in Palestine|
zionist	n|a Jewish supporter of Zionism|	adj|relating to or characteristic of Zionism|the Zionist movement	adj|relating to or characteristic of a supporter of Zionism|the Zionist leader Theodor Herzl
zionist movement	n|a movement of world Jewry that arose late in the 19th century with the aim of creating a Jewish state in Palestine|
zip	v|close with a zipper|Zip up your jacket--it's cold	v|move very fast|The runner zipped past us at breakneck speed	n|a quantity of no importance|it looked like nothing I had ever seen before	n|a code of letters and digits added to a postal address to aid in the sorting of mail|
zip by	v|move by very quickly|
zip code	n|a code of letters and digits added to a postal address to aid in the sorting of mail|
zip fastener	n|a fastener for locking together two toothed edges by means of a sliding tab|
zip gun	n|a crude homemade pistol|
zip up	v|close with a zipper|Zip up your jacket--it's cold
ziphiidae	n|beaked whales; in some especially former classifications included in the family Physeteridae|
zipper	n|a fastener for locking together two toothed edges by means of a sliding tab|	v|close with a zipper|Zip up your jacket--it's cold
zippo	n|a quantity of no importance|it looked like nothing I had ever seen before
zippy	adj|quick and energetic|a brisk walk in the park	adj|marked by lively action|a bouncing gait
zirbanit	n|consort of Marduk|
zircon	n|a common mineral occurring in small crystals; chief source of zirconium; used as a refractory when opaque and as a gem when transparent|
zirconia	n|a white crystalline oxide; used in refractories and in insulation and abrasives and enamels and glazes|
zirconium	n|a lustrous grey strong metallic element resembling titanium; it is used in nuclear reactors as a neutron absorber; it occurs in baddeleyite but is obtained chiefly from zircon|
zirconium dioxide	n|a white crystalline oxide; used in refractories and in insulation and abrasives and enamels and glazes|
zirconium oxide	n|a white crystalline oxide; used in refractories and in insulation and abrasives and enamels and glazes|
zirconium silicate	n|a common mineral occurring in small crystals; chief source of zirconium; used as a refractory when opaque and as a gem when transparent|
zit	n|a small inflamed elevation of the skin; a pustule or papule; common symptom in acne|
zither	n|a musical stringed instrument with strings stretched over a flat sounding board; it is laid flat and played with a plectrum and with fingers|
zithern	n|a musical stringed instrument with strings stretched over a flat sounding board; it is laid flat and played with a plectrum and with fingers|
zithromax	n|a systemic antibacterial medicine (trade name Zithromax) that is prescribed to treat bacterial infections in many different parts of the body|
ziti	n|medium-sized tubular pasta in short pieces|
zizania	n|wild rice|
zizania aquatica	n|perennial aquatic grass of North America bearing grain used for food|
ziziphus jujuba	n|spiny tree having dark red edible fruits|
ziziphus lotus	n|shrubby deciduous tree of the Mediterranean region|
zizz	n|a buzzing or whizzing sound|a nasty zizz in the engine	n|a nap|Arthur's taking a short zizz
zloty	n|the basic unit of money in Poland|
zn	n|a bluish-white lustrous metallic element; brittle at ordinary temperatures but malleable when heated; used in a wide variety of alloys and in galvanizing iron; it occurs naturally as zinc sulphide in zinc blende|
zoanthropy	n|the delusion that you have assumed the form of an animal|
zoarces	n|type genus of the Zoarcidae|
zoarces viviparus	n|an eelpout of northern Europe that is viviparous|
zoarcidae	n|eelpouts|
zocor	n|an oral lipid-lowering medicine (trade name Zocor) administered to reduce blood cholesterol levels; recommended after heart attacks|
zodiac	n|a belt-shaped region in the heavens on either side to the ecliptic; divided into 12 constellations or signs for astrological purposes|	n|(astrology) a circular diagram representing the 12 zodiacal constellations and showing their signs|
zodiacal	adj|relating to or included in the zodiac|zodiacal constellations
zodiacal light	n|a luminous tract in the sky; a reflection of sunlight from cosmic dust in the plane of the ecliptic; visible just before sunrise and just after sunset|
zoftig	adj|(of a female body) healthily plump and vigorous|a generation ago...buxom actresses were popular"- Robt.A.Hamilton
zoic	adj|pertaining to animals or animal life or action|
zoisia	n|lawn grasses native to southeastern Asia and New Zealand; grown especially in warm regions|
zola	n|French novelist and critic; defender of Dreyfus (1840-1902)|
zolaesque	adj|in the manner of Emile Zola|
zollinger-ellison syndrome	n|syndrome consisting of intractable peptic ulceration with gastric hypersecretion and hyperacidity|
zoloft	n|a selective-serotonin reuptake inhibitor commonly prescribed as an antidepressant (trade name Zoloft)|
zomba	n|a city in southern Malawi; was the capital until 1971|
zombi	n|(voodooism) a spirit or supernatural force that reanimates a dead body|	n|a god of voodoo cults of African origin worshipped especially in West Indies|	n|a dead body that has been brought back to life by a supernatural force|	n|someone who acts or responds in a mechanical or apathetic way|only an automaton wouldn't have noticed
zombi spirit	n|(voodooism) a spirit or supernatural force that reanimates a dead body|
zombie	n|a dead body that has been brought back to life by a supernatural force|	n|(voodooism) a spirit or supernatural force that reanimates a dead body|	n|a god of voodoo cults of African origin worshipped especially in West Indies|	n|someone who acts or responds in a mechanical or apathetic way|only an automaton wouldn't have noticed
zombie spirit	n|(voodooism) a spirit or supernatural force that reanimates a dead body|
zona	n|(anatomy) any encircling or beltlike structure|
zona pellucida	n|thick membrane around the mammalian ovum; can be penetrated by one sperm in the fertilization process; usually remains around the fertilized egg until it is implanted in the wall of the uterus|
zonal	adj|relating to or of the nature of a zone|the zonal frontier	adj|associated with or divided into zones|a zonal pattern of cell structure
zonal pelargonium	n|an upright geranium having scalloped leaves with a broad color zone inside the margin and white or pink or red flowers|
zonary	adj|relating to or of the nature of a zone|the zonal frontier
zone	n|a locally circumscribed place characterized by some distinctive features|	n|any of the regions of the surface of the Earth loosely divided according to latitude or longitude|	n|an area or region distinguished from adjacent parts by a distinctive feature or characteristic|	n|(anatomy) any encircling or beltlike structure|
zone fire	n|artillery or mortar fire delivered in a constant direction at several quadrant elevations|
zone of interior	n|the part of the theater of war not included in the theater of operations|
zoning	n|dividing an area into zones or sections reserved for different purposes such as residence and business and manufacturing etc|
zoning board	n|a board of officials who divide an area into zones that are subject to different restrictions|
zoning commission	n|a commission delegated to supervise the zoning of areas for residential or commercial use|
zonk out	v|lose consciousness due to a sudden trauma, for example|	v|fall asleep fast, as when one is extremely tired|after the long drive, we zonked out and slept for 10 hours
zonotrichia	n|large New World sparrows|
zonotrichia leucophrys	n|finch with black-and-white striped crown|
zonula	n|small beltlike zone|
zonule	n|small beltlike zone|
zoo	n|the facility where wild animals are housed for exhibition|
zoo keeper	n|the chief person responsible for a zoological garden|
zooerastia	n|sexual activity between a person and an animal|
zooerasty	n|sexual activity between a person and an animal|
zooflagellate	n|flagellate protozoan lacking photosynthesis and other plant-like characteristics|
zooid	n|one of the distinct individuals forming a colonial animal such as a bryozoan or hydrozoan|
zoolatry	n|the worship of animals|
zoological	adj|concerning the study of animals and their classification and properties|zoological research	adj|of or relating to animals or animal groups|zoological garden
zoological garden	n|the facility where wild animals are housed for exhibition|
zoological science	n|the branch of biology that studies animals|
zoologist	n|a specialist in the branch of biology dealing with animals|
zoology	n|all the animal life in a particular region or period|the fauna of China	n|the branch of biology that studies animals|
zoom	v|move along very quickly|	v|move with a low humming noise|	v|rise rapidly|the dollar soared against the yen	n|a rapid rise|
zoom along	v|move along very quickly|
zoom in	v|examine closely; focus one's attention on|He zoomed in on the book
zoom lens	n|a camera lens that magnifies the image|
zoomastigina	n|in some classifications considered a phylum of the kingdom Protista; holozoic or saprozoic flagellates|
zoomastigote	n|flagellate protozoan lacking photosynthesis and other plant-like characteristics|
zoomorphism	n|the attribution of animal forms or qualities to a god|
zoonosis	n|an animal disease that can be transmitted to humans|
zoonotic	adj|of or relating to or constituting zoonosis|the Ebola virus is believed to be zoonotic
zoonotic disease	n|an animal disease that can be transmitted to humans|
zoophagous	adj|(of animals) carnivorous|
zoophilia	n|a sexual attraction to animals|
zoophilism	n|a sexual attraction to animals|
zoophobia	n|a morbid fear of animals|
zoophyte	n|any of various invertebrate animals resembling a plant such as a sea anemone or coral or sponge|
zooplankton	n|animal constituent of plankton; mainly small crustaceans and fish larvae|
zoopsia	n|visual hallucination of animals; sometimes occurring in delirium tremens|
zoospore	n|an asexual spore of some algae and fungi that moves by means of flagella|
zoot suit	n|a flashy suit of extreme cut|
zootoxin	n|a toxin resembling bacterial toxins in its antigenic properties that is found in the fluids of certain animals|
zori	n|a sandal attached to the foot by a thong over the toes|
zoril	n|muishond of northern Africa|
zoroaster	n|Persian prophet who founded Zoroastrianism (circa 628-551 BC)|
zoroastrian	adj|of or pertaining to Zoroaster or the religion he founded|	n|follower of Zoroaster and Zoroastrianism|
zoroastrianism	n|system of religion founded in Persia in the 6th century BC by Zoroaster; set forth in the Zend-Avesta; based on concept of struggle between light (good) and dark (evil)|
zoster	n|eruptions along a nerve path often accompanied by severe neuralgia|
zostera	n|(or in some classifications family Zosteraceae) small genus of widely distributed marine plants|
zostera marina	n|submerged marine plant with very long narrow leaves found in abundance along North Atlantic coasts|
zosteraceae	n|used in some classifications: essentially equivalent to Potamogetonaceae|
zovirax	n|an oral antiviral drug (trade name Zovirax) used to treat genital herpes; does not cure the disease but relieves the symptoms|
zoysia	n|any of several creeping grasses of the genus Zoysia|
zr	n|a lustrous grey strong metallic element resembling titanium; it is used in nuclear reactors as a neutron absorber; it occurs in baddeleyite but is obtained chiefly from zircon|
zsigmondy	n|German chemist (born in Austria) honored for his research on colloidal solutions (1865-1929)|
zu	n|evil storm god represented as a black bird|
zubird	n|evil storm god represented as a black bird|
zucchini	n|marrow squash plant whose fruit are eaten when small|	n|small cucumber-shaped vegetable marrow; typically dark green|
zuider zee	n|a former inlet of the North Sea in the northern coast of the Netherlands; sealed off from the sea in 1932 by a dam that created the IJsselmeer|
zukerman	n|Israeli violinist (born in 1948)|
zulu	n|a member of the tall Negroid people of eastern South Africa; some live in KwaZulu-Natal under the traditional clan system but many now work in the cities|	n|a community of Negroid people in eastern South Africa|	n|a Bantu language of considerable literary importance in southeastern Africa|
zumbooruck	n|a camel cavalry used in the early modern era by Arab, Afghan, Persian, and Indian armies|
zumbooruk	n|a camel cavalry used in the early modern era by Arab, Afghan, Persian, and Indian armies|
zuni	n|a member of the Pueblo people living in western New Mexico|
zurich	n|the largest city in Switzerland; located in the northern part of the country|Zurich is the center of the German-speaking part of Switzerland
zurvan	n|the Zoroastrian god of time|
zurvanism	n|a Zoroastrian sect that claims Zurvan was the ultimate source of the universe|	n|a heretical Zoroastrian doctrine holding that Zurvan was the ultimate source of the universe and that both Ahura Mazda and Ahriman were Zurvan's offspring|
zweig	n|Austrian writer (1881-1942)|
zwieback	n|slice of sweet raised bread baked again until it is brown and hard and crisp|
zwingli	n|Swiss theologian whose sermons began the Reformation in Switzerland (1484-1531)|
zydeco	n|music of southern Louisiana that combines French dance melodies with Caribbean music and blues|
zygnema	n|type genus of the family Zygnemataceae|
zygnemales	n|pond scums; desmids|
zygnemataceae	n|pond scums: common freshwater algae forming green slimy masses|
zygnematales	n|pond scums; desmids|
zygocactus	n|small genus of Brazilian cacti having flat fleshy usually branched joints and showy red or pink flowers followed by red fleshy fruits|
zygodactyl	adj|(of bird feet) having the first and fourth toes directed backward the second and third forward|
zygodactyl foot	n|a bird's foot having the first and fourth toes of each foot directed backward and the second and third forward|
zygoma	n|the slender arch formed by the temporal process of the cheekbone that bridges to the zygomatic process of the temporal bone|
zygomatic	adj|of or relating to the cheek region of the face|	n|the arch of bone beneath the eye that forms the prominence of the cheek|
zygomatic arch	n|the slender arch formed by the temporal process of the cheekbone that bridges to the zygomatic process of the temporal bone|
zygomatic bone	n|the arch of bone beneath the eye that forms the prominence of the cheek|
zygomatic process	n|a slender process of the temporal bone that strengthens the zygomatic arch|
zygomorphic	adj|capable of division into symmetrical halves by only one longitudinal plane passing through the axis|
zygomorphous	adj|capable of division into symmetrical halves by only one longitudinal plane passing through the axis|
zygomycetes	n|class of fungi coextensive with subdivision Zygomycota|
zygomycota	n|division of fungi having sexually produced zygospores|
zygomycotina	n|division of fungi having sexually produced zygospores|
zygophyllaceae	n|small trees, shrubs, and herbs of warm arid and saline regions; often resinous; some poisonous: genera Zygophyllum, Tribulus, Guaiacum, Larrea|
zygophyllum	n|usually tropical herbs or shrubs having ill-smelling foliage and flower buds that are used as capers: bean capers|
zygophyllum fabago	n|perennial shrub of the eastern Mediterranean region and southwestern Asia having flowers whose buds are used as capers|
zygoptera	n|damselflies|
zygospore	n|a plant spore formed by two similar sexual cells|
zygote	n|(genetics) the diploid cell resulting from the union of a haploid spermatozoon and ovum (including the organism that develops from that cell)|
zygotene	n|the second stage of the prophase of meiosis|
zygotic	adj|of or relating to a zygote|
zyloprim	n|a drug (trade name Zyloprim) used to treat gout and other conditions in which there is an excessive buildup of uric acid|
zymase	n|a complex of enzymes that cause glycolysis; originally found in yeast but also present in higher organisms|
zymogen	n|any of a group of compounds that are inactive precursors of enzymes and require some change (such as the hydrolysis of a fragment that masks an active enzyme) to become active|
zymoid	adj|resembling an enzyme|
zymology	n|the branch of chemistry concerned with fermentation (as in making wine or brewing or distilling)|
zymolysis	n|a process in which an agent causes an organic substance to break down into simpler substances; especially, the anaerobic breakdown of sugar into alcohol|
zymolytic	adj|of or relating to or causing fermentation|
zymosis	n|a process in which an agent causes an organic substance to break down into simpler substances; especially, the anaerobic breakdown of sugar into alcohol|	n|(medicine) the development and spread of an infectious disease (especially one caused by a fungus)|
zymotic	adj|of or relating to or causing fermentation|	adj|relating to or caused by infection|
zymurgy	n|the branch of chemistry concerned with fermentation (as in making wine or brewing or distilling)|
zyrian	n|the Finnic language spoken by the Komi|
